User0;2;0
User0;3;7000
User0;2;7100
User0;3;8000
User0;2;9200
User0;3;11100
User0;7;18200
User0;3;18400
User0;7;18500
User0;3;19200
User0;7;20300
User0;3;20500
User0;7;21700
User0;3;21900
User0;7;22000
User0;3;22300
User0;7;22400
User0;3;22500
User0;7;23200
User0;3;24000
User0;7;24100
User0;3;24300
User0;7;24500
User0;3;24700
User0;7;24900
User0;3;25100
User0;7;25500
User0;6;27000
User0;7;27200
User0;6;27400
User0;7;27500
User0;6;27900
User0;7;34700
User0;6;35000
User0;7;35500
User0;6;35800
User0;5;39000
User0;6;39100
User0;2;39400
User0;5;39600
User0;2;39700
User0;1;39800
User0;2;39900
User0;1;40200
User0;2;40300
User0;5;40400
User0;1;40600
User0;5;40700
User0;1;41100
User0;5;41700
User0;1;41800
User0;5;41900
User0;1;42300
User0;2;42900
User0;6;43500
User0;2;43700
User0;6;43900
User0;2;44000
User0;6;44100
User0;5;44200
User0;1;44500
User0;2;45600
User0;6;46800
User0;7;47300
User0;3;47500
User0;6;47600
User0;2;47700
User0;3;48000
User0;2;48400
User0;7;48500
User0;6;48600
User0;7;49400
User0;6;49500
User0;10;52700
User0;6;52800
User0;10;52900
User0;6;53000
User0;10;53100
User0;6;53600
User0;10;53700
User0;6;54600
User0;10;55100
User0;11;55800
User0;10;55900
User1;12;0
User1;8;9200
User1;12;9600
User1;8;9700
User1;9;11300
User1;8;11400
User1;12;11600
User1;13;12000
User1;12;12600
User1;8;13400
User1;9;14100
User1;8;14200
User1;9;14900
User1;8;15100
User1;9;15400
User1;13;16200
User1;9;18200
User1;13;18800
User1;9;21800
User1;8;23600
User1;9;23900
User1;8;29800
User1;12;32200
User1;8;32300
User1;12;32400
User1;8;32600
User1;12;32700
User1;13;41500
User1;12;42800
User1;13;42900
User1;12;43100
User1;13;43300
User1;9;43900
User1;8;44400
User1;12;44800
User1;8;45400
User1;12;57100
User1;8;57200
User1;12;57500
User1;8;57600
User10;5;0
User10;4;1900
User10;8;2000
User10;4;2800
User10;8;2900
User10;12;6700
User10;8;7000
User10;12;7100
User10;8;7600
User10;12;9200
User10;8;9400
User10;12;9700
User10;8;9800
User10;9;13300
User10;8;13400
User10;9;13500
User10;8;14900
User10;12;17500
User10;8;17600
User10;12;17700
User10;8;17800
User10;12;19000
User10;13;19300
User10;12;21400
User10;13;21700
User10;9;23200
User10;13;23400
User10;9;24000
User10;13;24100
User10;9;25100
User10;8;25300
User10;12;25400
User10;13;25500
User10;9;25700
User10;13;26000
User10;9;26200
User10;8;27400
User10;12;27500
User10;13;27800
User10;9;28600
User10;13;28700
User10;9;28800
User10;13;28900
User10;9;29000
User10;13;30000
User10;12;32100
User10;13;32500
User10;12;32800
User10;13;32900
User10;12;33000
User10;13;33100
User10;9;34200
User10;5;35800
User10;6;35900
User10;5;36300
User10;6;36900
User10;5;37000
User10;6;40800
User10;5;42600
User10;6;43000
User10;10;44900
User10;6;46900
User10;11;47000
User10;6;47100
User10;10;47200
User10;11;47600
User10;10;47700
User10;11;49200
User10;10;53100
User10;11;53700
User10;10;55300
User10;11;55700
User11;8;0
User11;12;700
User11;8;1500
User11;12;3300
User11;13;4900
User11;12;5000
User11;8;5800
User11;12;5900
User11;13;6800
User11;12;7100
User11;13;7200
User11;12;7300
User11;13;7700
User11;12;8100
User11;13;9800
User11;12;10300
User11;13;17900
User11;12;19300
User11;13;19400
User11;8;19500
User11;12;19700
User11;8;20300
User11;13;20400
User11;12;22300
User11;13;22700
User11;9;24000
User11;13;24800
User11;9;24900
User11;13;25000
User11;9;25100
User11;8;26900
User11;9;27500
User11;8;27700
User11;9;28000
User11;8;28300
User11;9;28700
User11;8;28800
User11;12;30800
User11;8;31000
User11;4;41200
User11;8;41800
User11;4;41900
User11;8;42400
User11;13;45100
User11;12;45600
User11;8;45900
User11;12;46300
User11;8;46500
User11;12;47000
User11;8;47800
User11;12;57200
User11;8;57300
User12;9;0
User12;8;6800
User12;9;7200
User12;5;7800
User12;9;7900
User12;5;8000
User12;9;9100
User12;5;9800
User12;9;10200
User12;13;12500
User12;9;12600
User12;13;12800
User12;9;12900
User12;13;13400
User12;12;13500
User12;8;13600
User12;12;13700
User12;13;13800
User12;14;16200
User12;10;16500
User12;14;16600
User12;15;23800
User12;14;24000
User12;15;24700
User12;14;26100
User12;15;26200
User12;14;26300
User12;15;26400
User12;14;26500
User12;15;27700
User12;14;27900
User12;15;28000
User12;14;28300
User12;15;28700
User12;14;29000
User12;15;30000
User12;14;30100
User12;15;30600
User12;11;31600
User12;15;32500
User12;11;32600
User12;15;32900
User12;11;33500
User12;15;33700
User12;11;34000
User12;10;35000
User12;14;35700
User12;13;42000
User12;14;45300
User12;13;45700
User12;14;45900
User12;13;46400
User12;9;47100
User12;8;48600
User12;9;48900
User12;8;49100
User12;9;49300
User12;8;49500
User12;9;49600
User12;8;49900
User12;12;51000
User12;8;51200
User12;9;51300
User12;8;53500
User12;9;53600
User12;8;53700
User12;9;54100
User13;6;0
User13;7;400
User13;6;1100
User13;7;1300
User13;3;2000
User13;7;2200
User13;3;2300
User13;7;2500
User13;3;2700
User13;7;2800
User13;3;3000
User13;7;3200
User13;3;3300
User13;7;3400
User13;3;3600
User13;7;4000
User13;3;4100
User13;7;4600
User13;3;4700
User13;7;5100
User13;11;11500
User13;7;14000
User13;11;14300
User13;7;14400
User13;11;14800
User13;7;15100
User13;6;15200
User13;10;15600
User13;11;15800
User13;10;16000
User13;6;19000
User13;10;19300
User13;6;19400
User13;7;21300
User13;3;21700
User13;7;22500
User13;3;23100
User13;7;25800
User13;3;26200
User13;7;27100
User13;3;35200
User13;7;36300
User13;3;39600
User13;2;41100
User13;3;41500
User13;2;41600
User13;3;41800
User13;2;42400
User13;3;45000
User13;2;45200
User13;3;45500
User13;2;45600
User13;6;46500
User13;10;49800
User13;6;50200
User13;10;51500
User13;6;51600
User13;2;54200
User13;3;56800
User13;2;56900
User13;3;57400
User13;2;57500
User13;3;57600
User14;6;0
User14;5;400
User14;6;2900
User14;5;3200
User14;6;3500
User14;10;8500
User14;6;8600
User14;7;9100
User14;6;9600
User14;7;9900
User14;11;11500
User14;7;11600
User14;11;11700
User14;7;11800
User14;11;12000
User14;15;15500
User14;14;26400
User14;15;26500
User14;14;26800
User14;15;27000
User14;14;27200
User14;15;27500
User14;11;28400
User14;10;28700
User14;11;28900
User14;10;29100
User14;14;30000
User14;10;30100
User14;14;32900
User14;10;33000
User14;14;33200
User14;15;33700
User14;14;35700
User14;15;35800
User14;14;35900
User14;13;39200
User14;14;39700
User14;13;39900
User14;14;40000
User14;10;44600
User14;14;45300
User14;15;47500
User14;14;48100
User14;15;49100
User14;14;49300
User14;15;49400
User14;14;49500
User14;15;49800
User14;14;50800
User14;15;51000
User14;11;51700
User14;14;52000
User14;15;52100
User14;11;54200
User14;15;54400
User14;11;54600
User14;15;55600
User14;10;55800
User14;11;55900
User14;15;56000
User14;11;56100
User14;15;56500
User14;10;56600
User14;11;56700
User14;15;57300
User15;12;0
User15;13;9200
User15;12;12300
User15;13;12400
User15;12;12700
User15;13;13000
User15;12;13100
User15;13;16400
User15;12;16600
User15;13;16700
User15;12;16900
User15;13;17000
User15;12;17100
User15;13;17300
User15;12;17400
User15;13;17500
User15;12;17600
User15;9;17700
User15;8;23100
User15;9;23200
User15;8;23600
User15;5;24100
User15;4;24200
User15;8;24600
User15;4;25000
User15;5;36600
User15;4;36800
User15;5;36900
User15;9;37900
User15;5;38000
User15;4;38500
User15;5;38900
User15;4;39000
User15;5;39100
User15;4;39400
User15;5;39500
User15;4;41100
User15;5;41300
User15;4;41400
User15;0;44700
User15;4;54000
User15;0;54100
User15;4;54500
User15;0;54600
User15;4;54800
User15;0;56400
User15;4;57300
User15;0;57400
User15;4;57600
User16;10;0
User16;6;2300
User16;10;2500
User16;6;5100
User16;10;5400
User16;6;5500
User16;10;6400
User16;6;7200
User16;10;13400
User16;11;13500
User16;10;22200
User16;11;23500
User16;7;23700
User16;11;24000
User16;7;24600
User16;6;24700
User16;10;24800
User16;6;25500
User16;10;25600
User16;6;25800
User16;7;26600
User16;11;27600
User16;7;27700
User16;11;27900
User16;7;28200
User16;11;28500
User16;7;28600
User16;11;31300
User16;7;31500
User16;11;40900
User16;7;42200
User16;11;43200
User16;7;44600
User16;11;44700
User16;10;45900
User16;11;46000
User16;10;46100
User16;11;46200
User16;10;46400
User16;14;54800
User16;10;55400
User16;14;55900
User17;3;0
User17;2;6700
User17;3;7000
User17;2;7100
User17;3;7200
User17;2;7300
User17;3;9700
User17;7;11800
User17;3;12900
User17;7;13500
User17;3;13600
User17;7;13700
User17;3;13800
User17;7;13900
User17;3;14200
User17;2;14500
User17;6;14600
User17;2;17900
User17;6;18900
User17;2;20000
User17;1;20400
User17;6;20500
User17;5;20600
User17;1;20800
User17;5;20900
User17;2;22800
User17;6;24000
User17;2;24200
User17;1;25100
User17;2;25400
User17;1;25800
User17;2;26600
User17;1;29600
User17;2;29800
User17;1;32600
User17;2;32700
User17;1;33000
User17;0;36700
User17;1;36800
User17;0;40600
User17;1;40800
User17;5;41300
User17;4;42000
User17;1;42200
User17;0;42400
User17;1;42600
User17;0;42800
User17;1;42900
User17;2;46600
User17;1;46900
User17;2;47800
User17;1;48000
User17;2;48300
User17;1;49500
User17;2;49600
User17;3;56200
User17;7;56500
User17;3;57600
User18;12;0
User18;8;3500
User18;12;3700
User18;8;4500
User18;12;4800
User18;8;5500
User18;12;5800
User18;8;5900
User18;12;6500
User18;8;6600
User18;9;13300
User18;8;13600
User18;9;13700
User18;8;14000
User18;9;19900
User18;8;20800
User18;9;20900
User18;8;22300
User18;4;24900
User18;8;25000
User18;4;26000
User18;8;26100
User18;4;26300
User18;8;26600
User18;4;26700
User18;8;26900
User18;4;27000
User18;5;27200
User18;9;27500
User18;5;27700
User18;9;27900
User18;5;29500
User18;9;30000
User18;5;30100
User18;9;30200
User18;5;30300
User18;9;33400
User18;5;33500
User18;9;33600
User18;10;34100
User18;9;34200
User18;13;37600
User18;9;38400
User18;13;38700
User18;9;39800
User18;13;40500
User18;9;40800
User18;13;40900
User18;14;46800
User18;13;47100
User18;14;47700
User18;13;47800
User18;14;48000
User18;13;48100
User18;9;49300
User18;14;49400
User18;13;49700
User18;14;49800
User18;13;49900
User18;10;50100
User18;14;52100
User18;10;52200
User18;14;52300
User18;10;52700
User18;14;52800
User18;10;53100
User18;14;54000
User18;10;54100
User18;13;54900
User18;14;55000
User19;9;0
User19;13;2300
User19;9;2500
User19;10;3300
User19;9;3400
User19;10;3500
User19;9;4800
User19;5;7200
User19;6;7600
User19;10;7700
User19;6;8200
User19;10;9300
User19;6;9400
User19;10;10900
User19;6;11100
User19;10;11200
User19;6;11300
User19;10;11400
User19;11;11600
User19;7;12000
User19;3;17200
User19;7;17400
User19;3;17700
User19;7;23100
User19;3;23200
User19;7;23500
User19;3;31100
User19;7;31200
User19;11;41500
User19;7;41800
User19;11;42300
User19;7;46400
User19;11;46500
User19;7;49200
User19;11;57300
User2;7;0
User2;3;3100
User2;7;3500
User2;6;10600
User2;7;10700
User2;6;12000
User2;2;12200
User2;6;12800
User2;2;12900
User2;6;13000
User2;7;16900
User2;11;22500
User2;7;23900
User2;11;24000
User2;7;24200
User2;6;27100
User2;7;27300
User2;6;27400
User2;7;27500
User2;6;29200
User2;7;29400
User2;6;29600
User2;7;29700
User2;6;29800
User2;7;29900
User2;6;30700
User2;7;31200
User2;3;37400
User2;2;44700
User2;3;44800
User2;2;44900
User2;1;49100
User2;2;49700
User2;1;49800
User2;2;49900
User2;1;50000
User2;2;51100
User2;1;51200
User2;2;52000
User2;1;52100
User2;5;54300
User2;1;54400
User2;5;55100
User2;1;55200
User2;5;55800
User2;1;55900
User2;5;56000
User2;1;56200
User2;2;56900
User2;1;57000
User2;5;57100
User2;1;57200
User2;2;57400
User20;14;0
User20;10;5500
User20;14;7100
User20;10;7300
User20;9;7600
User20;10;8300
User20;14;8700
User20;10;9600
User20;14;10000
User20;10;10700
User20;14;11500
User20;15;17200
User20;14;17400
User20;15;17700
User20;14;17800
User20;15;18200
User20;14;18400
User20;15;18500
User20;14;18600
User20;10;20900
User20;11;23500
User20;14;24500
User20;15;25000
User20;14;26700
User20;15;27200
User20;14;27500
User20;15;27700
User20;14;28700
User20;15;28900
User20;14;29200
User20;15;31000
User20;14;32700
User20;15;33000
User20;14;33600
User20;15;33900
User20;14;34400
User20;15;34500
User20;14;34600
User20;15;34700
User20;14;34900
User20;13;37600
User20;14;37800
User20;13;37900
User20;12;40800
User20;13;41000
User20;12;41300
User20;13;41400
User20;12;41700
User20;13;42500
User20;12;47900
User20;8;48800
User20;12;48900
User20;13;56400
User20;12;56800
User20;13;57000
User20;12;57100
User20;13;57200
User21;8;0
User21;9;5400
User21;8;5500
User21;9;7200
User21;8;8400
User21;9;8700
User21;8;9100
User21;9;9400
User21;8;9800
User21;9;9900
User21;8;12400
User21;9;12800
User21;13;13600
User21;9;13700
User21;8;14900
User21;9;15100
User21;8;15200
User21;9;15400
User21;8;15500
User21;9;15600
User21;8;15700
User21;9;16000
User21;8;16100
User21;4;17200
User21;8;17700
User21;4;17800
User21;5;27600
User21;1;29800
User21;5;30600
User21;1;31100
User21;5;31300
User21;1;32200
User21;5;32600
User21;1;32800
User21;2;33200
User21;1;33300
User21;6;33600
User21;5;33900
User21;6;34000
User21;5;41000
User21;6;41100
User21;2;42200
User21;6;42300
User21;5;46200
User21;6;46700
User21;5;46900
User21;6;47000
User21;5;47200
User21;6;47300
User21;5;48800
User21;6;49800
User21;5;49900
User21;9;50600
User21;13;54700
User21;14;54900
User21;13;55000
User21;14;56900
User21;10;57000
User22;6;0
User22;5;200
User22;1;1000
User22;5;1300
User22;1;1400
User22;5;1500
User22;4;3100
User22;5;3200
User22;9;3700
User22;10;5700
User22;9;7000
User22;10;7100
User22;14;7200
User22;10;8100
User22;9;8400
User22;13;8700
User22;9;9000
User22;13;10400
User22;14;10700
User22;13;11100
User22;14;11300
User22;13;11500
User22;14;12200
User22;13;12500
User22;14;12600
User22;13;12700
User22;9;13800
User22;10;16600
User22;6;16800
User22;10;16900
User22;6;17100
User22;5;17800
User22;9;18400
User22;6;18800
User22;10;19200
User22;9;19300
User22;10;19500
User22;6;19800
User22;10;19900
User22;6;20100
User22;10;20200
User22;6;20500
User22;10;20600
User22;9;20700
User22;5;21800
User22;6;22000
User22;5;22200
User22;9;22700
User22;5;23200
User22;6;23600
User22;5;23700
User22;6;23800
User22;10;24300
User22;9;24400
User22;5;26600
User22;9;27100
User22;5;27200
User22;6;27800
User22;5;28100
User22;4;31900
User22;5;32300
User22;4;32400
User22;5;32500
User22;4;33000
User22;5;33400
User22;9;33700
User22;5;33900
User22;9;34000
User22;8;34500
User22;9;34900
User22;8;35000
User22;9;36100
User22;5;36600
User22;9;36800
User22;5;36900
User22;9;37000
User22;5;37200
User22;4;38300
User22;5;38400
User22;4;38500
User22;5;38800
User22;9;40100
User22;5;40500
User22;9;40800
User22;5;41100
User22;9;41300
User22;5;41400
User22;9;41600
User22;5;42600
User22;9;47700
User22;5;47800
User22;9;47900
User22;5;48100
User22;9;48800
User22;5;48900
User22;9;50100
User22;8;50400
User22;9;50500
User22;8;51300
User22;4;51700
User22;8;51900
User22;4;52000
User22;8;54500
User22;4;54600
User22;8;54800
User23;13;0
User23;9;6400
User23;13;6500
User23;9;6700
User23;13;7400
User23;9;7600
User23;13;7800
User23;9;7900
User23;10;12400
User23;9;12500
User23;10;12600
User23;9;12700
User23;10;12800
User23;9;12900
User23;10;13000
User23;9;13300
User23;10;14200
User23;9;14300
User23;10;14600
User23;9;14700
User23;10;14800
User23;9;15800
User23;10;16200
User23;9;16300
User23;10;19500
User23;6;21300
User23;10;22900
User23;6;23200
User23;7;23900
User23;6;24100
User23;7;24900
User23;11;25200
User23;7;25300
User23;6;27100
User23;7;27300
User23;6;27800
User23;10;28400
User23;11;33500
User23;15;34000
User23;14;34200
User23;15;34300
User23;11;34400
User23;15;34600
User23;11;34800
User23;10;35100
User23;14;37100
User23;10;37200
User23;14;37300
User23;10;37500
User23;11;37700
User23;10;37800
User23;14;38700
User23;10;38800
User23;14;38900
User23;13;39900
User23;12;44400
User23;8;45300
User23;12;45600
User23;8;46700
User23;12;46800
User23;13;47300
User23;9;48300
User23;12;48400
User23;8;57600
User24;10;0
User24;14;800
User24;10;1400
User24;14;1600
User24;10;3100
User24;13;3600
User24;9;4000
User24;13;4100
User24;14;4200
User24;10;4300
User24;14;4400
User24;10;5000
User24;14;6300
User24;10;6700
User24;14;6900
User24;10;10000
User24;14;10100
User24;10;11000
User24;14;11300
User24;10;11400
User24;14;12400
User24;10;13500
User24;14;13900
User24;10;15100
User24;14;15500
User24;13;17800
User24;14;18400
User24;15;25800
User24;14;26100
User24;15;26500
User24;14;26700
User24;10;29900
User24;14;30300
User24;10;30600
User24;14;30800
User24;15;31700
User24;10;31800
User24;11;31900
User24;10;32000
User24;14;32100
User24;15;32200
User24;14;34200
User24;15;34700
User24;11;36900
User24;15;38700
User24;11;39100
User24;15;40400
User24;11;40500
User24;15;40600
User24;11;40700
User24;10;40800
User24;14;43900
User24;11;44500
User24;10;50800
User24;11;52900
User24;10;53200
User24;14;57000
User24;10;57100
User24;14;57200
User25;5;0
User25;8;1000
User25;4;1100
User25;5;1200
User25;4;2100
User25;5;2200
User25;9;3500
User25;5;3600
User25;9;4200
User25;8;6800
User25;9;8200
User25;8;10500
User25;12;13000
User25;8;13500
User25;12;13600
User25;8;13700
User25;9;17700
User25;8;17900
User25;4;23300
User25;5;23900
User25;4;25400
User25;5;25800
User25;4;26200
User25;5;26700
User25;4;26800
User25;8;26900
User25;9;27100
User25;8;27500
User25;5;31600
User25;9;32100
User25;5;32200
User25;9;32300
User25;8;32400
User25;9;32500
User25;4;32600
User25;9;32700
User25;5;33100
User25;4;33300
User25;5;33400
User25;8;33500
User25;9;33600
User25;5;33800
User25;4;34300
User25;5;36400
User25;4;36600
User25;5;37000
User25;4;37100
User25;8;40300
User25;4;40700
User25;8;45100
User25;4;45300
User25;8;47200
User25;4;47300
User25;8;47400
User25;4;47600
User25;8;48300
User25;4;48400
User25;5;52900
User25;4;53100
User25;8;54400
User25;4;54600
User25;8;54700
User25;4;55800
User26;14;0
User26;13;2300
User26;14;2600
User26;13;2800
User26;14;3100
User26;13;3400
User26;14;3700
User26;13;6000
User26;9;6700
User26;13;7000
User26;9;7200
User26;10;8600
User26;14;9900
User26;10;10100
User26;14;10200
User26;10;11000
User26;11;11600
User26;15;11700
User26;10;11800
User26;11;11900
User26;15;12300
User26;11;12500
User26;10;12800
User26;11;13100
User26;10;13200
User26;11;13400
User26;10;13600
User26;11;16700
User26;7;17000
User26;10;17100
User26;6;17200
User26;10;20300
User26;6;20500
User26;10;23900
User26;6;26000
User26;7;26300
User26;3;35700
User26;7;36000
User26;11;40300
User26;7;40400
User26;3;48300
User26;7;49900
User26;3;50600
User26;7;50900
User26;3;51100
User26;7;53800
User26;3;53900
User27;15;0
User27;14;6100
User27;15;6200
User27;14;6400
User27;15;6700
User27;14;9800
User27;15;11000
User27;14;11100
User27;15;11200
User27;14;11300
User27;13;15100
User27;14;18300
User27;13;18500
User27;14;18600
User27;13;18700
User27;14;19100
User27;13;19200
User27;12;20400
User27;13;20500
User27;12;23800
User27;8;24600
User27;12;24900
User27;8;25200
User27;12;25300
User27;8;26800
User27;12;26900
User27;8;27600
User27;12;27800
User27;8;27900
User27;12;28300
User27;8;28900
User27;12;29100
User27;13;30000
User27;12;30200
User27;13;30300
User27;12;30800
User27;13;30900
User27;12;31000
User27;8;33900
User27;12;34100
User27;8;34700
User27;12;35100
User27;8;35200
User27;12;35300
User27;8;35900
User27;12;36100
User27;8;36200
User27;9;38800
User27;13;40600
User27;9;42700
User27;13;42800
User27;9;43600
User27;13;43800
User27;9;44000
User27;8;45600
User27;12;46100
User27;8;46300
User27;4;50900
User27;8;51000
User27;4;51700
User27;5;52500
User27;4;52700
User27;8;53500
User27;4;53600
User27;5;53700
User27;4;53800
User27;9;53900
User27;8;54100
User27;9;54200
User27;8;54300
User27;4;56500
User28;7;0
User28;3;3000
User28;7;3100
User28;3;3200
User28;7;3300
User28;3;3500
User28;7;3600
User28;3;11500
User28;7;12400
User28;3;12700
User28;2;14000
User28;3;14500
User28;2;15200
User28;3;15400
User28;2;15800
User28;6;18200
User28;2;18700
User28;5;18900
User28;1;21200
User28;5;21600
User28;1;22000
User28;2;22200
User28;5;22400
User28;2;22500
User28;6;22700
User28;2;23000
User28;6;23100
User28;2;23600
User28;6;24100
User28;2;24200
User28;6;24300
User28;2;24400
User28;6;24500
User28;2;24600
User28;6;24700
User28;7;26400
User28;6;27600
User28;10;29300
User28;6;29600
User28;10;29700
User28;6;30100
User28;10;31400
User28;6;31500
User28;5;34600
User28;9;37700
User28;5;37900
User28;10;38000
User28;6;38100
User28;5;39300
User28;9;40900
User28;8;44500
User28;9;44700
User28;8;45000
User28;9;45100
User28;10;47200
User28;9;47300
User28;10;47600
User28;9;50600
User28;10;50800
User28;13;51100
User28;9;51500
User28;13;51700
User28;9;51800
User28;13;52300
User29;11;0
User29;7;1900
User29;11;2000
User29;7;2200
User29;6;6900
User29;10;12200
User29;6;12300
User29;10;12400
User29;11;13100
User29;7;13200
User29;3;18000
User29;7;18300
User29;3;18900
User29;7;19000
User29;3;19100
User29;7;22200
User29;3;26500
User29;7;26600
User29;3;29800
User29;2;31400
User29;3;37900
User29;2;38000
User29;6;38100
User29;7;38200
User29;6;39000
User29;7;41400
User29;6;42200
User29;10;47700
User29;6;47800
User29;10;53100
User29;7;53300
User29;10;53400
User29;7;53700
User29;11;53800
User29;10;53900
User29;11;54700
User29;10;56100
User29;11;56300
User29;10;56500
User29;11;56600
User29;10;56700
User29;11;57000
User29;10;57300
User29;11;57500
User29;10;57600
User3;1;0
User3;5;1300
User3;1;1400
User3;5;3100
User3;1;3400
User3;2;3700
User3;6;3900
User3;5;4800
User3;6;4900
User3;5;6100
User3;6;6600
User3;10;7600
User3;9;7800
User3;10;8100
User3;6;9100
User3;10;12600
User3;6;12800
User3;7;13900
User3;11;14000
User3;7;16100
User3;3;23800
User3;7;24600
User3;6;28000
User3;7;28100
User3;11;28700
User3;7;28900
User3;6;29300
User3;7;29400
User3;6;29700
User3;7;29900
User3;6;30100
User3;10;30800
User3;6;31100
User3;10;31200
User3;11;33100
User3;6;33200
User3;7;33300
User3;11;33400
User3;7;33600
User3;11;33800
User3;6;34000
User3;10;34100
User3;6;35100
User3;7;41100
User3;6;41500
User3;7;41800
User3;6;41900
User3;10;44100
User3;6;44500
User3;10;44600
User3;6;44800
User3;5;45800
User3;6;45900
User3;5;46000
User3;6;46100
User3;5;46200
User3;6;47500
User3;5;47700
User3;1;49400
User3;5;49500
User3;1;49600
User3;2;53400
User3;1;53500
User3;2;53800
User3;6;54700
User3;2;54800
User3;5;55000
User3;1;55100
User3;5;55200
User3;1;55300
User3;5;55400
User3;6;55500
User3;2;55600
User30;3;0
User30;2;2700
User30;1;7200
User30;2;10100
User30;1;10300
User30;2;10600
User30;1;13500
User30;2;13900
User30;1;14100
User30;2;15200
User30;1;16400
User30;2;17500
User30;1;17800
User30;2;17900
User30;1;18100
User30;2;18700
User30;1;23700
User30;2;27300
User30;1;28100
User30;2;30100
User30;6;31000
User30;2;31200
User30;6;31300
User30;2;31400
User30;6;32000
User30;2;32300
User30;6;32400
User30;2;32500
User30;6;32700
User30;2;32900
User30;6;33200
User30;2;39700
User30;6;40300
User30;2;40400
User30;1;41600
User30;0;43400
User30;1;43500
User30;4;43600
User30;0;43800
User30;4;43900
User30;0;44100
User30;4;44200
User30;5;44800
User30;9;46900
User30;5;47600
User30;4;48600
User30;5;48700
User30;4;48800
User30;8;51300
User30;4;51800
User30;8;52300
User30;4;52400
User30;8;53100
User30;4;53600
User30;8;53700
User30;4;53800
User30;0;55500
User30;4;55600
User30;0;56000
User30;4;56100
User30;0;56200
User30;4;56400
User31;13;0
User31;12;700
User31;13;800
User31;12;1100
User31;13;1300
User31;9;6600
User31;13;6700
User31;9;7100
User31;13;7800
User31;14;10100
User31;13;10700
User31;12;22500
User31;13;22600
User31;12;24500
User31;13;24600
User31;9;26600
User31;8;26800
User31;9;27000
User31;8;27200
User31;12;27800
User31;8;27900
User31;12;28000
User31;8;28200
User31;12;28500
User31;8;28900
User31;12;29000
User31;8;29100
User31;12;29200
User31;13;32700
User31;12;35400
User31;13;35600
User31;12;39900
User31;13;40200
User31;9;40800
User31;13;40900
User31;12;41500
User31;13;42300
User31;9;43600
User31;10;44200
User31;9;44400
User31;10;44500
User31;9;44800
User31;10;44900
User31;9;45000
User31;8;47800
User31;9;47900
User31;13;48500
User31;9;48600
User31;13;49600
User31;9;51900
User31;13;52000
User31;9;52100
User31;13;52700
User31;8;52800
User31;9;53400
User31;12;55300
User31;8;55400
User31;12;55500
User31;9;55700
User31;8;56200
User31;9;56800
User32;4;0
User32;5;3800
User32;4;4200
User32;5;4300
User32;4;4600
User32;5;4700
User32;4;5000
User32;8;5500
User32;4;5800
User32;8;5900
User32;4;6000
User32;0;10300
User32;4;10700
User32;0;11000
User32;4;11100
User32;5;11900
User32;1;12200
User32;0;12300
User32;4;12400
User32;0;12700
User32;4;12800
User32;0;12900
User32;4;13600
User32;0;16300
User32;4;16400
User32;0;16500
User32;1;28200
User32;0;28300
User32;1;30500
User32;0;31200
User32;1;31400
User32;2;46300
User32;1;46500
User32;5;49100
User32;1;49300
User32;2;49800
User32;6;50000
User32;2;50500
User32;6;50800
User32;5;52900
User32;6;53000
User32;7;57200
User33;3;0
User33;7;800
User33;3;1400
User33;7;1500
User33;3;1800
User33;7;1900
User33;3;2400
User33;7;2700
User33;11;5400
User33;7;5800
User33;11;6300
User33;7;6600
User33;11;12200
User33;7;12600
User33;11;12700
User33;15;17800
User33;11;18000
User33;15;32900
User33;11;33300
User33;15;33600
User33;11;36800
User33;15;36900
User33;11;37800
User33;7;41700
User33;11;42800
User33;7;43600
User33;11;44000
User33;7;44100
User33;11;44300
User33;7;44700
User33;11;44900
User33;7;46200
User33;11;47800
User33;7;48200
User33;11;48300
User33;7;48400
User33;11;52500
User33;7;54700
User33;11;55200
User34;12;0
User34;8;14900
User34;12;15100
User34;8;19400
User34;12;19500
User34;13;22200
User34;12;22300
User34;13;22600
User34;9;22800
User34;8;24000
User34;9;24100
User34;12;24200
User34;8;24300
User34;12;24400
User34;9;24700
User34;8;24900
User34;12;25000
User34;13;25100
User34;12;25300
User34;13;25400
User34;9;25500
User34;12;25700
User34;13;25800
User34;9;25900
User34;13;26000
User34;9;26200
User34;8;26300
User34;13;26400
User34;9;26500
User34;8;26900
User34;12;30900
User34;8;31400
User34;9;32900
User34;8;33000
User34;4;33300
User34;9;33400
User34;5;33700
User34;8;33800
User34;9;33900
User34;8;41200
User34;9;41300
User34;8;41400
User34;4;42800
User34;8;43000
User34;4;43700
User34;8;47400
User34;4;49500
User34;8;49700
User34;4;49900
User34;8;51100
User34;9;51700
User34;8;52600
User34;4;56600
User34;8;57100
User35;8;0
User35;9;2000
User35;8;2400
User35;9;3200
User35;8;3300
User35;9;3500
User35;4;3600
User35;5;4800
User35;4;8500
User35;5;8600
User35;9;10800
User35;13;13100
User35;9;13600
User35;13;14200
User35;14;15200
User35;15;20400
User35;14;21000
User35;15;21900
User35;14;22000
User35;15;22100
User35;14;23800
User35;15;24300
User35;14;24900
User35;13;27700
User35;14;27900
User35;13;30700
User35;14;30800
User35;9;30900
User35;14;31000
User35;13;31100
User35;14;31800
User35;9;31900
User35;13;32000
User35;9;32600
User35;10;32800
User35;14;33100
User35;9;33200
User35;10;33300
User35;14;33400
User35;13;33900
User35;14;34100
User35;13;34900
User35;12;38900
User35;13;39000
User35;12;39500
User35;13;53100
User35;12;53400
User35;13;54300
User35;12;55800
User35;13;56100
User35;12;56200
User35;13;56700
User36;1;0
User36;2;100
User36;1;700
User36;2;800
User36;1;2900
User36;2;5900
User36;1;6000
User36;2;6200
User36;1;6300
User36;2;6400
User36;1;7000
User36;2;7800
User36;1;8200
User36;2;8600
User36;1;8700
User36;2;9200
User36;1;9500
User36;2;9600
User36;1;9800
User36;2;9900
User36;1;11000
User36;2;11200
User36;1;12400
User36;2;12700
User36;7;17600
User36;6;17900
User36;7;18000
User36;3;18300
User36;7;18500
User36;3;18800
User36;7;18900
User36;3;19100
User36;7;25600
User36;3;26000
User36;7;26100
User36;3;26700
User36;7;27100
User36;11;31900
User36;7;40900
User36;11;41100
User36;7;41200
User36;11;43500
User36;7;45200
User36;11;45300
User36;7;45400
User36;11;45500
User36;7;45600
User36;11;45800
User36;7;46000
User36;11;46200
User36;7;46800
User36;11;51400
User36;15;54300
User37;6;0
User37;5;300
User37;6;400
User37;5;1400
User37;6;1500
User37;5;1600
User37;9;1800
User37;5;2100
User37;9;2200
User37;10;2300
User37;6;2400
User37;10;2600
User37;6;2700
User37;10;3000
User37;9;3600
User37;10;6200
User37;9;6400
User37;10;6500
User37;9;7000
User37;10;8300
User37;9;9400
User37;10;10100
User37;14;11100
User37;10;12400
User37;14;12500
User37;10;12600
User37;11;14300
User37;10;14400
User37;14;15000
User37;10;15200
User37;14;15400
User37;15;15500
User37;14;15700
User37;10;16700
User37;14;16800
User37;10;17100
User37;14;17300
User37;10;17400
User37;14;17500
User37;10;17700
User37;14;17800
User37;13;18500
User37;14;18600
User37;13;19900
User37;14;21400
User37;10;22200
User37;14;24500
User37;10;29100
User37;14;29200
User37;10;29300
User37;14;29400
User37;13;33100
User37;14;34000
User37;13;34700
User37;14;34800
User37;13;36100
User37;14;36400
User37;13;36500
User37;14;36700
User37;13;36900
User37;14;37100
User37;13;37200
User37;9;39700
User37;10;44300
User37;9;44400
User37;10;46200
User37;9;46400
User37;10;46500
User37;9;47000
User37;10;47100
User37;9;47200
User37;10;48500
User37;9;48600
User37;10;49000
User37;9;49100
User37;13;49600
User37;9;49700
User37;14;49800
User37;10;49900
User37;9;50300
User37;10;50400
User37;9;50900
User37;10;51000
User37;9;51100
User37;10;51200
User37;9;52100
User37;10;52300
User37;11;54400
User37;15;56000
User38;12;0
User38;13;2400
User38;12;2500
User38;13;3200
User38;12;10500
User38;13;10900
User38;12;11400
User38;8;23700
User38;12;24000
User38;8;24100
User38;12;29500
User38;8;29900
User38;12;30200
User38;8;31300
User38;12;33100
User38;8;34700
User38;9;45400
User38;8;45900
User38;9;46100
User38;8;46600
User38;12;48300
User38;8;48400
User38;9;49700
User38;8;49800
User38;9;50200
User38;13;51100
User38;12;51700
User38;13;53900
User38;9;55000
User38;13;55100
User38;9;55200
User38;13;55400
User38;9;56100
User38;13;56200
User38;9;56300
User39;2;0
User39;3;2000
User39;6;7200
User39;3;7300
User39;7;7400
User39;6;7800
User39;2;8100
User39;3;11400
User39;2;25800
User39;6;28300
User39;2;29900
User39;6;30200
User39;2;30300
User39;6;30600
User39;2;30700
User39;6;32300
User39;7;33400
User39;6;33600
User39;3;33700
User39;2;33900
User39;6;34200
User39;2;34400
User39;6;34900
User39;2;35000
User39;6;35300
User39;7;35500
User39;6;36600
User39;2;37500
User39;6;37600
User39;2;37800
User39;3;39000
User39;2;39200
User39;3;39400
User39;2;39500
User39;3;40000
User39;2;40100
User39;3;40200
User39;2;40500
User39;3;41300
User39;2;41600
User39;3;42000
User39;2;42100
User39;6;43200
User39;2;43300
User39;6;43400
User39;7;43800
User39;11;45800
User39;7;45900
User39;11;46000
User39;7;46100
User39;11;46200
User39;7;47800
User39;11;48300
User4;8;0
User4;12;3200
User4;13;4000
User4;12;9500
User4;13;10900
User4;8;11500
User4;12;12600
User4;8;13900
User4;12;14600
User4;13;14900
User4;12;15000
User4;13;15100
User4;12;15200
User4;13;15800
User4;12;16400
User4;13;16500
User4;12;18700
User4;13;21000
User4;12;23200
User4;13;23400
User4;12;23600
User4;13;26400
User4;12;26600
User4;13;28500
User4;12;30600
User4;13;30700
User4;12;35400
User4;13;36500
User4;9;37900
User4;13;38000
User4;9;38800
User4;13;38900
User4;9;39000
User4;8;40800
User4;12;41200
User4;13;41700
User4;12;41800
User4;13;42100
User4;9;42600
User4;13;42700
User4;9;42800
User4;13;42900
User4;9;44500
User4;13;44600
User4;9;45000
User4;8;46400
User4;9;46800
User4;8;47000
User4;9;53900
User4;8;54000
User4;9;54300
User4;8;54400
User4;9;54500
User4;8;57500
User40;12;0
User40;13;6600
User40;12;6800
User40;13;7000
User40;12;7500
User40;13;7700
User40;12;7800
User40;13;8400
User40;12;8600
User40;13;8900
User40;12;9600
User40;8;10100
User40;12;10300
User40;13;14300
User40;12;14500
User40;13;14600
User40;12;14800
User40;13;15100
User40;9;15600
User40;8;16000
User40;9;16400
User40;8;16500
User40;9;16600
User40;8;16900
User40;9;17000
User40;8;17100
User40;12;18200
User40;13;20300
User40;8;20400
User40;9;20500
User40;8;20600
User40;12;20900
User40;13;21000
User40;12;21300
User40;13;21500
User40;12;23700
User40;13;23800
User40;12;24000
User40;13;24200
User40;14;27200
User40;13;27500
User40;14;27600
User40;13;27700
User40;12;35200
User40;13;35400
User40;9;36300
User40;13;36700
User40;9;36900
User40;13;37000
User40;9;39600
User40;10;40500
User40;9;40800
User40;13;41300
User40;9;41600
User40;14;45100
User40;9;45300
User40;10;46800
User40;9;46900
User40;10;47100
User40;9;47500
User40;10;47700
User40;9;47800
User40;13;48200
User40;9;48300
User40;13;48400
User40;9;48500
User40;13;48600
User40;9;49000
User40;13;49500
User40;14;49600
User40;10;50400
User40;14;50600
User40;10;50800
User40;14;50900
User40;13;52700
User40;14;56200
User41;5;0
User41;6;2700
User41;5;2800
User41;6;5800
User41;5;6200
User41;6;6400
User41;5;6900
User41;1;8000
User41;2;8500
User41;1;8600
User41;2;9400
User41;6;10500
User41;2;10700
User41;6;11000
User41;2;11300
User41;6;11400
User41;2;13500
User41;6;13600
User41;2;13700
User41;7;13800
User41;2;13900
User41;3;14000
User41;2;14100
User41;6;14200
User41;7;15800
User41;6;15900
User41;7;16000
User41;6;16100
User41;7;20300
User41;11;20400
User41;7;20800
User41;11;20900
User41;7;21100
User41;11;21800
User41;10;27000
User41;11;27100
User41;10;27400
User41;11;27600
User41;10;27700
User41;6;31400
User41;11;31700
User41;7;32500
User41;6;32800
User41;7;32900
User41;11;33100
User41;7;33200
User41;6;33400
User41;10;33500
User41;11;33600
User41;7;33800
User41;11;34000
User41;7;34500
User41;11;35000
User41;7;35100
User41;6;35400
User41;11;35500
User41;7;36800
User41;11;37800
User41;7;37900
User41;3;42600
User41;2;47600
User41;3;48900
User41;2;49400
User41;3;49600
User41;2;49800
User41;3;51000
User41;2;51100
User41;3;51200
User41;2;52300
User41;3;52700
User41;2;53000
User41;3;53100
User41;2;53700
User41;1;56000
User41;2;56200
User41;1;56400
User41;2;57200
User42;15;0
User42;11;2300
User42;15;2400
User42;11;2500
User42;15;3200
User42;11;3300
User42;15;3400
User42;11;4400
User42;15;4700
User42;11;5800
User42;10;6100
User42;11;6400
User42;10;7300
User42;11;9100
User42;10;9200
User42;11;9300
User42;10;9400
User42;11;9500
User42;10;12700
User42;14;16500
User42;10;16600
User42;14;16700
User42;10;18000
User42;14;18200
User42;10;18300
User42;14;18500
User42;10;18700
User42;14;18900
User42;13;19600
User42;10;19800
User42;9;19900
User42;10;20000
User42;9;22400
User42;10;22800
User42;9;23100
User42;13;23300
User42;9;23600
User42;13;23800
User42;14;24300
User42;13;24400
User42;9;26100
User42;13;26200
User42;12;26700
User42;13;26800
User42;12;27000
User42;8;27500
User42;9;28400
User42;8;29000
User42;12;29100
User42;13;29300
User42;9;29600
User42;8;29700
User42;9;29900
User42;8;30000
User42;9;30200
User42;8;30300
User42;9;30400
User42;13;31500
User42;9;31600
User42;8;31700
User42;12;31800
User42;8;33700
User42;12;35500
User42;8;35600
User42;12;35700
User42;8;36100
User42;12;36300
User42;8;36500
User42;12;36600
User42;8;36700
User42;12;36900
User42;8;38300
User42;12;39500
User42;8;39600
User42;12;42500
User42;8;42600
User42;12;45100
User42;13;46400
User42;12;46500
User42;13;47600
User42;12;55000
User42;13;55100
User42;12;55200
User42;13;56000
User43;8;0
User43;4;1900
User43;8;2000
User43;4;2700
User43;0;6400
User43;4;7200
User43;0;7300
User43;4;7600
User43;0;10600
User43;4;10700
User43;0;11000
User43;4;11500
User43;0;12200
User43;4;12600
User43;0;12800
User43;4;14100
User43;0;14500
User43;4;20500
User43;0;20600
User43;4;21200
User43;1;21300
User43;0;21600
User43;1;23000
User43;0;23100
User43;1;23300
User43;0;23400
User43;4;28300
User43;0;28500
User43;4;28800
User43;5;33400
User43;4;34400
User43;5;35000
User43;4;36000
User43;0;37900
User43;1;42000
User43;0;42200
User43;1;44800
User43;0;45300
User43;1;46300
User43;0;46400
User43;1;46700
User43;0;48700
User43;1;48800
User43;2;55800
User43;1;56500
User44;6;0
User44;7;400
User44;6;500
User44;7;3300
User44;6;4400
User44;7;4500
User44;6;7700
User44;10;11000
User44;6;11200
User44;10;11400
User44;6;11500
User44;10;11600
User44;11;12300
User44;10;13000
User44;11;13200
User44;15;15200
User44;11;15800
User44;15;16100
User44;11;16200
User44;15;16300
User44;11;16500
User44;15;16600
User44;14;23000
User44;15;23100
User44;14;32100
User44;15;32300
User44;14;32800
User44;15;32900
User44;14;35400
User44;15;36100
User44;14;36200
User44;13;38700
User44;9;39800
User44;8;42700
User44;4;45000
User44;8;47300
User44;4;47500
User44;8;47600
User44;4;47800
User44;8;48100
User44;9;51800
User44;8;52200
User44;9;52400
User44;8;52500
User44;4;52700
User44;5;53600
User44;9;53800
User44;5;55800
User44;9;55900
User44;5;56000
User44;4;56300
User44;8;57600
User45;5;0
User45;6;200
User45;5;500
User45;6;900
User45;5;1000
User45;6;3300
User45;10;9300
User45;6;9400
User45;10;9500
User45;6;9600
User45;10;9700
User45;11;11900
User45;10;12100
User45;11;12700
User45;10;12800
User45;14;17600
User45;9;18000
User45;14;18100
User45;10;18500
User45;13;18800
User45;9;19100
User45;13;19200
User45;9;19600
User45;13;19700
User45;9;19800
User45;13;21000
User45;14;21500
User45;13;21600
User45;9;28900
User45;13;29000
User45;9;29700
User45;13;29800
User45;12;30700
User45;8;33600
User45;12;33900
User45;8;34200
User45;12;41700
User45;8;42600
User45;12;42700
User45;13;44700
User45;12;45900
User45;13;48200
User45;12;54000
User45;13;54900
User45;12;55000
User46;6;0
User46;5;3000
User46;6;5100
User46;2;7200
User46;1;8100
User46;5;8500
User46;1;8600
User46;5;9600
User46;1;9700
User46;2;12500
User46;1;12600
User46;5;13900
User46;1;17000
User46;5;17300
User46;1;18800
User46;5;19000
User46;1;19200
User46;2;19700
User46;1;20100
User46;2;20300
User46;1;20900
User46;2;21400
User46;1;21800
User46;2;21900
User46;6;38500
User46;2;38600
User46;6;38900
User46;2;39000
User46;6;39100
User46;7;39500
User46;6;39600
User46;7;39900
User46;3;40400
User46;7;40500
User46;3;43400
User46;7;57100
User46;3;57500
User47;11;0
User47;7;4500
User47;11;4600
User47;7;4700
User47;11;5100
User47;7;7700
User47;11;7800
User47;7;8100
User47;11;8300
User47;7;9100
User47;6;10700
User47;7;10800
User47;6;10900
User47;11;11200
User47;10;11500
User47;11;15400
User47;10;15500
User47;11;17700
User47;10;18200
User47;11;18300
User47;10;18400
User47;11;18600
User47;6;19500
User47;7;21800
User47;6;21900
User47;7;22600
User47;6;22700
User47;7;22900
User47;6;23200
User47;10;23300
User47;7;23500
User47;11;24000
User47;7;24200
User47;6;30300
User47;7;30400
User47;3;30700
User47;6;31000
User47;2;31100
User47;6;31900
User47;2;32100
User47;6;32200
User47;2;32300
User47;6;34500
User47;2;34700
User47;6;34900
User47;2;35200
User47;6;35400
User47;5;35700
User47;6;35800
User47;2;40200
User47;6;41200
User47;2;42600
User47;6;44400
User47;5;44500
User47;6;44600
User47;5;45100
User47;6;45200
User47;5;46200
User47;6;46300
User47;5;46400
User47;6;46700
User47;5;46900
User47;6;49200
User47;5;49300
User47;1;53900
User47;5;54000
User47;9;55900
User47;5;56000
User47;9;56500
User47;5;56600
User47;9;56900
User47;5;57000
User47;9;57100
User47;5;57200
User48;15;0
User48;11;300
User48;15;500
User48;11;600
User48;15;800
User48;11;4200
User48;15;5800
User48;14;24800
User48;15;24900
User48;14;25000
User48;15;25100
User48;14;25200
User48;15;26000
User48;14;26100
User48;15;26300
User48;14;26600
User48;15;26800
User48;11;31800
User48;15;31900
User48;11;32300
User48;10;36500
User48;11;36600
User48;10;36800
User48;9;40800
User48;5;41000
User48;9;41400
User48;5;45100
User48;9;46100
User48;5;46200
User48;9;46500
User48;5;46700
User48;4;47300
User48;5;47400
User48;4;47500
User48;5;47600
User48;9;47900
User48;5;48100
User48;4;50000
User48;5;50100
User48;4;50200
User48;5;50300
User48;9;55500
User48;8;56800
User48;9;56900
User48;8;57100
User49;6;0
User49;7;100
User49;11;5200
User49;7;5700
User49;11;5900
User49;7;6100
User49;11;7200
User49;7;7700
User49;11;8400
User49;7;8600
User49;3;12200
User49;7;15100
User49;6;17300
User49;7;22500
User49;6;23000
User49;10;23200
User49;11;23400
User49;10;23600
User49;11;24100
User49;7;32100
User49;6;33100
User49;3;33200
User49;2;33400
User49;3;37300
User49;2;40100
User49;6;42600
User49;2;43100
User49;6;43300
User49;2;48000
User49;6;48100
User49;7;51900
User49;6;52000
User49;7;52500
User49;6;55100
User49;7;55800
User49;6;55900
User49;7;56000
User49;6;56600
User5;11;0
User5;7;3800
User5;11;3900
User5;7;5100
User5;11;5400
User5;15;8900
User5;11;9200
User5;7;14900
User5;11;15100
User5;10;16100
User5;6;17300
User5;7;21400
User5;6;21500
User5;7;21800
User5;6;21900
User5;10;24500
User5;11;24600
User5;10;24700
User5;6;26000
User5;5;26900
User5;6;27000
User5;5;27200
User5;6;27800
User5;5;27900
User5;1;30400
User5;5;30500
User5;6;33100
User5;5;33200
User5;1;36100
User5;5;36400
User5;1;36800
User5;5;37400
User5;1;37700
User5;2;40000
User5;1;41300
User5;2;41500
User5;1;52400
User5;2;52600
User50;10;0
User50;9;500
User50;10;800
User50;9;1100
User50;10;1200
User50;6;1400
User50;5;1800
User50;6;1900
User50;5;2100
User50;6;2200
User50;5;2600
User50;9;2800
User50;5;2900
User50;6;3000
User50;9;3200
User50;5;3300
User50;9;3400
User50;5;3500
User50;9;3600
User50;10;3900
User50;9;4000
User50;10;4100
User50;9;4200
User50;10;4700
User50;6;6800
User50;10;7700
User50;6;7900
User50;5;8500
User50;6;8700
User50;5;9500
User50;6;9600
User50;7;13900
User50;6;14000
User50;7;14100
User50;6;15300
User50;10;16200
User50;6;16500
User50;10;17500
User50;6;20900
User50;7;21200
User50;6;21700
User50;10;22200
User50;6;22300
User50;10;22700
User50;11;23600
User50;10;23900
User50;6;26100
User50;10;26700
User50;6;26800
User50;10;27600
User50;5;27800
User50;9;28100
User50;5;28200
User50;9;29300
User50;10;33000
User50;9;33100
User50;10;33500
User50;6;34200
User50;10;34600
User50;6;34700
User50;10;34800
User50;6;34900
User50;10;35000
User50;6;35100
User50;10;35300
User50;6;35400
User50;5;35800
User50;6;35900
User50;5;37100
User50;6;37200
User50;10;38200
User50;11;40700
User50;15;41000
User50;11;41100
User50;15;41600
User50;11;41700
User50;10;42100
User50;11;42200
User50;15;43000
User50;11;43100
User50;15;43500
User50;11;44000
User50;15;44100
User50;11;46600
User50;15;47800
User50;11;49200
User50;15;49400
User50;14;52900
User51;15;0
User51;14;3700
User51;15;5100
User51;14;5300
User51;15;5500
User51;14;5700
User51;15;5800
User51;11;11800
User51;15;12100
User51;11;14400
User51;15;15900
User51;11;16100
User51;15;16400
User51;11;17600
User51;15;19500
User51;11;19700
User51;15;19800
User51;11;21300
User51;15;21400
User51;11;22600
User51;10;23300
User51;14;23900
User51;10;24000
User51;14;24100
User51;11;24800
User51;14;24900
User51;15;25000
User51;14;25100
User51;15;25200
User51;14;25700
User51;15;31000
User51;14;31400
User51;13;32700
User51;14;32800
User51;13;32900
User51;14;33000
User51;13;33300
User51;14;35400
User51;13;38200
User51;9;42600
User51;13;42700
User51;9;43500
User51;10;45400
User51;9;46300
User51;10;46500
User51;9;46600
User51;5;56100
User51;4;56300
User51;8;56700
User51;4;56800
User51;8;57000
User51;4;57100
User52;11;0
User52;7;2100
User52;11;13000
User52;7;16800
User52;11;16900
User52;7;17500
User52;11;18800
User52;7;18900
User52;11;19000
User52;7;21900
User52;11;22000
User52;7;22100
User52;11;22600
User52;7;23100
User52;11;23200
User52;7;26000
User52;11;26400
User52;7;35100
User52;11;35200
User52;7;36500
User52;11;36600
User52;10;38900
User52;14;39400
User52;15;39900
User53;1;21500
User53;0;21600
User53;1;21700
User53;0;22400
User53;1;22700
User53;0;22900
User53;1;23000
User53;2;28000
User53;6;28900
User53;2;29000
User53;1;29300
User53;2;29500
User53;1;29600
User53;5;31100
User53;1;31200
User53;5;31900
User53;6;34300
User53;5;35000
User53;6;35600
User53;5;36200
User53;6;36300
User53;5;36700
User53;6;38000
User53;5;38600
User53;6;38800
User53;9;39900
User53;10;40000
User53;9;40100
User53;10;40200
User53;9;40400
User53;10;40700
User53;9;40800
User53;13;43000
User53;9;43200
User53;12;43700
User53;13;43800
User53;9;43900
User53;8;44200
User53;9;44300
User53;8;45100
User53;9;48100
User53;8;48200
User53;9;48300
User53;13;49400
User53;9;49700
User53;13;49800
User53;9;51200
User53;13;51900
User53;12;53000
User53;13;53100
User54;1;700
User54;0;900
User54;1;1200
User54;0;1700
User54;1;1800
User54;4;2400
User54;0;2600
User54;1;3000
User54;0;3300
User54;1;3500
User54;0;3600
User54;1;7800
User54;0;7900
User54;1;8000
User54;0;8300
User54;1;8500
User54;0;9000
User54;1;9100
User54;0;9700
User54;4;11800
User54;5;11900
User54;4;13400
User54;5;13500
User54;4;13600
User54;5;13700
User54;4;13800
User54;0;14500
User54;4;14600
User54;0;14700
User54;4;14800
User54;5;14900
User54;4;15800
User54;5;15900
User54;4;17100
User54;5;17400
User54;4;17500
User54;5;17700
User54;4;18000
User54;0;18200
User54;1;18400
User54;0;18700
User54;4;20800
User54;0;21000
User54;4;21200
User54;0;21300
User54;4;21400
User54;5;30000
User54;4;30100
User54;5;30200
User54;4;30500
User54;5;30600
User54;4;30700
User54;5;32800
User54;1;33100
User54;5;33400
User54;4;39400
User54;5;39600
User54;4;40700
User54;5;40800
User54;4;40900
User54;5;41700
User54;4;41900
User54;5;42100
User54;4;42200
User54;5;42300
User54;4;44100
User54;5;44200
User54;9;45000
User54;5;47600
User54;9;47700
User54;5;48200
User54;9;49000
User54;5;49200
User54;8;51300
User54;12;54100
User54;8;54300
User55;13;0
User55;9;600
User55;13;1100
User55;9;1200
User55;13;1300
User55;9;1600
User55;13;1700
User55;9;3400
User55;13;3800
User55;9;4600
User55;5;7500
User55;9;7600
User55;5;7700
User55;10;7800
User55;6;7900
User55;10;8200
User55;5;8300
User55;6;9000
User55;5;10700
User55;6;10800
User55;5;11300
User55;6;11400
User55;5;11500
User55;6;11600
User55;10;11900
User55;6;12600
User55;5;14000
User55;10;14200
User55;9;14300
User55;10;14500
User55;6;14600
User55;5;14900
User55;9;15000
User55;5;15300
User55;4;18500
User55;8;21800
User55;4;26800
User55;5;27900
User55;4;28000
User55;5;28100
User55;4;28300
User55;5;28400
User55;4;28600
User55;5;29500
User55;4;30000
User55;5;30100
User55;1;30400
User55;0;30500
User55;1;30600
User55;5;30900
User55;1;31600
User55;5;41000
User55;1;41200
User55;0;42300
User55;1;42400
User55;0;42500
User55;1;42600
User55;0;42700
User55;4;42800
User55;1;42900
User55;0;43200
User55;4;43400
User55;0;43600
User55;4;43700
User55;0;43800
User55;1;44400
User55;0;44500
User55;1;44700
User55;0;45000
User55;1;45600
User55;0;48700
User55;4;55400
User55;0;57100
User55;4;57200
User56;8;0
User56;9;800
User56;13;900
User56;9;1000
User56;8;2800
User56;9;3000
User56;10;6700
User56;14;6800
User56;13;7100
User56;14;7500
User56;10;8900
User56;9;10200
User56;13;11800
User56;14;12500
User56;10;12900
User56;13;13000
User56;14;13100
User56;13;13200
User56;14;13800
User56;13;13900
User56;9;15500
User56;13;16100
User56;12;16700
User56;13;16900
User56;12;18600
User56;8;20500
User56;12;20700
User56;8;21700
User56;12;22300
User56;8;22700
User56;12;22900
User56;8;24300
User56;12;24500
User56;8;24600
User56;12;24800
User56;8;25200
User56;12;26000
User56;13;26400
User56;9;27100
User56;13;27200
User56;9;27400
User56;13;27600
User56;12;29300
User56;13;29500
User56;12;29600
User56;13;29700
User56;9;30100
User56;13;30300
User56;9;30500
User56;8;31000
User56;9;31200
User56;10;33200
User56;9;33500
User56;10;34500
User56;9;38400
User56;10;38700
User56;9;39400
User56;10;41600
User56;9;41700
User56;5;48600
User56;9;48700
User56;5;48800
User56;9;49500
User56;5;50500
User56;8;51200
User56;5;51300
User56;8;51400
User56;4;51500
User56;8;52600
User56;4;55600
User56;8;55700
User56;4;55800
User56;8;56100
User56;4;56500
User56;8;56600
User56;4;57200
User56;8;57400
User57;11;0
User57;7;800
User57;11;1100
User57;7;1200
User57;11;1700
User57;7;2600
User57;6;9300
User57;7;10000
User57;3;13900
User57;7;14000
User57;3;14100
User57;7;16700
User57;3;17500
User57;7;17900
User57;3;18000
User57;2;36900
User57;3;37700
User57;2;37800
User57;3;37900
User57;2;38800
User57;3;38900
User57;2;39100
User57;3;39200
User57;2;39400
User57;3;39500
User57;2;53800
User57;6;56700
User57;2;56800
User57;6;57000
User57;2;57200
User57;6;57300
User57;2;57500
User57;6;57600
User58;3;0
User58;2;20900
User58;3;21000
User58;2;21400
User58;3;22800
User58;2;26800
User58;3;27100
User58;2;27200
User58;3;27300
User58;2;43700
User58;3;44200
User58;7;46900
User58;3;48000
User58;7;49200
User58;6;50300
User58;2;50400
User58;3;50800
User58;2;51100
User58;3;51600
User58;7;52600
User58;6;53600
User58;7;53700
User58;6;54100
User58;7;54300
User58;6;54400
User58;2;55100
User58;6;55400
User58;2;56900
User58;3;57300
User58;2;57400
User58;3;57500
User59;15;0
User59;11;5700
User59;15;5800
User59;11;5900
User59;15;6000
User59;11;6600
User59;15;6700
User59;11;7400
User59;15;7500
User59;11;11100
User59;15;11200
User59;14;15200
User59;15;16400
User59;14;17100
User59;15;20200
User59;14;20300
User59;15;20400
User59;14;20700
User59;10;23700
User59;11;31100
User59;10;31500
User59;11;32200
User59;7;32300
User59;6;32400
User59;7;32600
User59;11;32900
User59;7;33000
User59;10;33100
User59;11;33200
User59;7;33500
User59;3;36700
User59;7;37700
User59;3;38800
User59;7;42500
User59;3;43400
User59;7;43900
User59;3;45200
User59;7;45300
User59;3;46100
User59;7;46500
User59;11;49700
User59;10;51200
User59;6;51300
User59;10;51400
User59;6;53000
User59;10;53200
User59;6;54200
User59;10;54300
User59;11;56500
User6;2;0
User6;3;2200
User6;2;2300
User6;3;2600
User6;2;4800
User6;6;6500
User6;2;6800
User6;6;8300
User6;7;12700
User6;3;13400
User6;7;13900
User6;3;14400
User6;7;19300
User6;3;19900
User6;7;20100
User6;3;20200
User6;6;21800
User6;7;22000
User6;3;22100
User6;7;22200
User6;3;22300
User6;7;22600
User6;2;23000
User6;3;23200
User6;2;23300
User6;3;23400
User6;2;23800
User6;6;26700
User6;2;27100
User6;6;28500
User6;2;28600
User6;1;33000
User6;2;33400
User6;6;34300
User6;2;36900
User6;6;37100
User6;5;38100
User6;6;38300
User6;5;39400
User6;6;39500
User6;5;39700
User6;6;39800
User6;5;39900
User6;6;41400
User6;5;41500
User6;6;41600
User6;2;44100
User6;6;44300
User6;5;44900
User6;6;45100
User6;2;46100
User6;6;46200
User6;5;46800
User6;9;49800
User6;5;50000
User6;9;50200
User6;5;50400
User6;9;50500
User6;13;54200
User6;9;54300
User6;13;54800
User6;9;54900
User6;13;55000
User6;9;55200
User6;10;55400
User6;9;55500
User6;10;55700
User6;9;56000
User6;10;56100
User6;13;56200
User6;9;56500
User6;14;56700
User6;13;56800
User6;9;56900
User60;7;0
User60;11;300
User60;7;600
User60;11;1400
User60;10;1600
User60;11;1700
User60;7;1900
User60;6;3100
User60;7;3300
User60;10;3700
User60;11;4100
User60;7;4600
User60;11;4800
User60;10;5100
User60;11;5200
User60;7;5300
User60;11;5400
User60;10;6400
User60;11;9200
User60;10;10500
User60;11;10800
User60;10;12200
User60;14;13300
User60;10;13700
User60;14;13800
User60;10;13900
User60;9;15500
User60;10;16200
User60;9;16400
User60;10;16900
User60;9;17000
User60;5;18400
User60;6;18600
User60;5;19000
User60;9;19100
User60;5;19200
User60;9;19400
User60;10;19900
User60;6;20300
User60;10;20400
User60;6;20500
User60;2;22500
User60;6;22600
User60;2;25800
User60;6;29900
User60;2;30000
User60;3;35200
User60;2;35800
User60;3;36100
User60;2;36300
User60;3;36500
User60;2;36800
User60;3;36900
User60;6;40600
User60;7;40700
User60;3;41600
User60;7;42100
User60;6;44300
User60;7;45200
User60;6;46200
User60;11;46300
User60;7;46400
User60;11;47300
User60;7;47500
User60;11;50800
User60;7;50900
User60;11;51200
User60;7;51600
User61;8;0
User61;4;7700
User61;8;7800
User61;4;10500
User61;8;10600
User61;4;10800
User61;8;11100
User61;4;17300
User61;8;17400
User61;4;17800
User61;8;18200
User61;4;18300
User61;8;18400
User61;12;20000
User61;8;20100
User61;12;20200
User61;8;21400
User61;12;26700
User61;8;27200
User61;12;27300
User61;8;27600
User61;12;28000
User61;8;28200
User61;12;33900
User61;8;34000
User61;12;34200
User61;8;34400
User61;4;42100
User61;8;42200
User61;12;47600
User61;8;48800
User61;12;50300
User61;9;50500
User61;13;50700
User61;9;50800
User61;8;51500
User61;9;51600
User61;13;52400
User61;9;52600
User61;13;52800
User61;9;53200
User61;10;57600
User62;8;0
User62;12;3800
User62;8;3900
User62;9;4500
User62;8;4600
User62;12;4800
User62;8;4900
User62;12;5000
User62;8;6500
User62;9;6700
User62;8;7000
User62;9;7200
User62;13;7600
User62;14;18800
User62;13;18900
User62;9;22500
User62;13;22600
User62;12;23200
User62;8;35800
User62;12;36100
User62;8;36600
User62;12;40200
User62;8;45000
User62;12;45200
User62;13;48300
User62;9;48400
User62;12;48500
User62;8;48900
User62;12;49100
User62;8;50300
User62;12;55800
User62;8;57400
User62;12;57600
User63;13;0
User63;12;2800
User63;13;3000
User63;12;3400
User63;13;3800
User63;12;3900
User63;13;4300
User63;12;4400
User63;8;21200
User63;12;21300
User63;8;21700
User63;12;22200
User63;8;22300
User63;12;23200
User63;8;23600
User63;12;37200
User63;8;37300
User63;12;37500
User63;8;37900
User63;12;38200
User63;9;38300
User63;13;39300
User63;9;39400
User63;13;39500
User63;8;39700
User63;12;39900
User63;13;40000
User63;12;40100
User63;8;40200
User63;12;40900
User63;8;41000
User63;12;41400
User63;8;42700
User63;13;43300
User63;12;44600
User63;13;44700
User63;12;44800
User63;8;45000
User63;12;45300
User63;13;45600
User63;12;45700
User63;8;45800
User63;12;46000
User63;8;47100
User63;12;47300
User63;8;47400
User63;12;47500
User63;8;51700
User63;12;52500
User63;8;53200
User63;12;53300
User63;8;53800
User63;12;53900
User63;8;54700
User63;12;55000
User63;8;55500
User63;12;55900
User63;8;56200
User63;12;57200
User63;8;57300
User64;4;0
User64;0;900
User64;4;2700
User64;0;2800
User64;4;3100
User64;5;3800
User64;4;3900
User64;0;8700
User64;4;8800
User64;0;9000
User64;4;9800
User64;0;9900
User64;4;10100
User64;0;10700
User64;4;11300
User64;8;20000
User64;4;20100
User64;8;20200
User64;4;21700
User64;8;21800
User64;9;34800
User64;8;34900
User64;9;35000
User64;8;35200
User64;4;35300
User64;5;37500
User64;4;37700
User64;5;37900
User64;4;38000
User64;5;38100
User64;4;38200
User64;8;41700
User64;4;41800
User64;8;41900
User64;4;42000
User64;8;42100
User64;4;42200
User64;8;42600
User64;4;48700
User64;8;49300
User64;4;49800
User64;8;52500
User64;4;53700
User64;8;56600
User64;4;57500
User65;2;0
User65;3;100
User65;2;800
User65;3;1400
User65;2;1500
User65;3;1600
User65;2;1700
User65;3;2400
User65;2;3800
User65;6;6400
User65;2;6500
User65;6;6600
User65;2;6800
User65;6;7100
User65;2;7500
User65;6;7700
User65;2;7900
User65;6;8200
User65;7;9500
User65;6;9600
User65;5;11400
User65;6;11500
User65;5;12200
User65;6;12300
User65;5;12500
User65;9;15400
User65;5;15500
User65;9;16100
User65;5;16300
User65;4;16500
User65;8;17800
User65;4;17900
User65;8;18100
User65;9;20500
User65;8;20700
User65;9;22500
User65;8;22900
User65;12;23300
User65;8;23700
User65;9;24200
User65;13;24600
User65;9;24800
User65;13;25900
User65;12;26300
User65;13;26600
User65;8;26700
User65;9;26900
User65;12;27000
User65;13;27300
User65;12;28100
User65;13;28200
User65;12;28300
User65;13;28500
User65;12;29100
User65;13;29200
User65;12;29900
User65;13;31400
User65;12;31700
User65;13;31900
User65;12;32000
User65;13;32100
User65;12;32300
User65;8;34700
User65;12;35200
User65;8;35800
User65;12;36700
User65;8;37000
User65;12;37700
User65;9;38200
User65;8;38500
User65;9;38800
User65;13;39200
User65;9;39500
User65;8;41300
User65;12;42200
User65;13;43800
User65;8;44000
User65;13;44300
User65;8;44400
User65;9;44800
User65;8;44900
User65;9;45000
User65;13;45100
User65;9;45300
User65;8;46500
User65;12;46700
User65;13;46800
User65;12;47000
User65;13;47400
User65;9;48200
User65;8;48300
User65;13;48400
User65;9;48800
User65;13;49100
User65;9;49300
User65;8;49600
User65;12;50100
User65;13;52700
User65;12;54100
User65;13;54200
User65;12;54600
User65;8;55700
User65;12;55900
User65;8;56100
User65;12;56200
User65;8;57200
User65;12;57400
User66;8;0
User66;12;800
User66;8;2100
User66;12;2800
User66;8;3200
User66;12;3300
User66;8;3400
User66;12;4800
User66;8;5200
User66;12;17400
User66;8;20300
User66;12;20600
User66;8;20700
User66;12;20800
User66;8;21000
User66;12;21100
User66;8;21700
User66;9;27700
User66;5;27900
User66;9;28200
User66;5;28300
User66;8;29000
User66;4;29100
User66;8;32100
User66;4;34300
User66;8;35300
User66;4;35400
User66;8;39000
User66;4;40000
User66;0;47700
User67;3;0
User67;7;15200
User67;11;17400
User67;7;17500
User67;11;18700
User67;7;19000
User67;11;25900
User67;7;28100
User67;11;28300
User67;7;28400
User67;11;28500
User67;7;28600
User67;6;31300
User67;7;31400
User67;11;32600
User67;7;32800
User67;11;32900
User67;7;33000
User67;11;33100
User67;7;33200
User67;11;38500
User67;7;43600
User67;11;46400
User67;7;46800
User67;11;47000
User67;7;47100
User67;11;47200
User67;7;47700
User67;11;48100
User67;15;53500
User67;11;53600
User67;15;53800
User67;11;53900
User67;15;54000
User67;11;55200
User67;7;57600
User68;14;0
User68;13;1500
User68;14;1600
User68;13;2000
User68;9;6600
User68;13;7000
User68;9;7100
User68;13;7900
User68;9;9200
User68;13;11900
User68;9;12100
User68;10;13600
User68;14;14500
User68;13;18300
User68;14;18600
User68;13;18700
User68;14;18800
User68;13;20600
User68;14;20900
User68;13;21500
User68;14;26600
User68;13;26700
User68;14;28000
User68;13;30200
User68;14;30600
User68;13;31000
User68;9;31100
User68;5;34800
User68;9;35000
User68;5;36000
User68;4;36200
User68;5;36700
User68;4;36900
User68;8;37200
User68;4;37300
User68;8;37400
User68;4;37500
User68;5;37900
User68;9;38000
User68;5;38700
User68;4;38900
User68;8;39000
User68;9;41000
User68;8;41300
User68;9;42000
User68;8;42200
User68;9;43100
User68;13;43900
User68;9;45300
User68;8;45700
User68;9;45900
User68;10;51900
User68;9;52000
User68;10;52100
User68;14;52200
User68;10;52400
User68;9;52700
User68;10;53200
User68;14;53600
User68;10;53700
User68;14;53800
User68;10;55400
User69;1;0
User69;2;6000
User69;1;6200
User69;2;6300
User69;1;6400
User69;2;6500
User69;1;7500
User69;2;7600
User69;1;7700
User69;2;9500
User69;1;9700
User69;2;10300
User69;1;10400
User69;2;10800
User69;1;11000
User69;2;11300
User69;1;13500
User69;2;17100
User69;1;17500
User69;2;18500
User69;1;18600
User69;2;19600
User69;1;20000
User69;2;22800
User69;1;23400
User69;5;23500
User69;6;24200
User69;5;24300
User69;6;24400
User69;5;24600
User69;6;24700
User69;2;24800
User69;6;24900
User69;5;25400
User69;6;25600
User69;5;25700
User69;6;25800
User69;5;26000
User69;6;26200
User69;5;26700
User69;6;26800
User69;1;26900
User69;2;27000
User69;6;27200
User69;2;27300
User69;1;27700
User69;2;27900
User69;1;28400
User69;2;28600
User69;1;28700
User69;2;28800
User69;6;30000
User69;2;31400
User69;1;34800
User69;2;35100
User69;1;36000
User69;2;37000
User69;1;37300
User69;0;43100
User69;1;44000
User69;0;44100
User69;1;45100
User69;0;48200
User69;1;48300
User69;0;48500
User69;1;49600
User69;0;49800
User69;1;54000
User69;0;54100
User69;1;54200
User69;0;55400
User69;1;55600
User7;14;0
User7;15;4000
User7;11;22100
User7;10;22800
User7;11;23100
User7;7;24300
User7;11;25000
User7;15;27100
User7;11;27200
User7;15;27600
User7;11;27700
User7;15;28300
User7;11;30000
User7;15;30200
User7;11;30300
User7;15;31400
User7;11;32500
User7;15;32700
User7;11;32800
User7;15;32900
User7;11;33600
User7;15;33900
User7;11;35500
User7;7;43400
User7;11;44100
User7;7;44300
User7;11;44500
User7;10;44800
User7;11;45200
User7;7;45600
User7;6;46100
User7;7;46200
User7;3;50800
User7;7;52000
User70;4;0
User70;0;700
User70;1;5700
User70;5;7000
User70;1;8200
User70;5;8700
User70;1;8800
User70;2;12500
User70;1;12800
User70;2;14000
User70;1;15000
User70;5;16000
User70;1;16200
User70;2;16400
User70;1;16500
User70;0;29800
User70;4;50100
User70;0;50900
User70;4;51000
User70;0;51600
User70;4;51800
User70;1;52000
User70;0;52300
User70;4;52700
User70;5;52900
User70;4;53400
User70;5;53500
User70;4;53700
User70;5;55200
User70;4;55700
User70;5;56700
User70;4;57500
User70;5;57600
User71;10;0
User71;11;3100
User71;10;3300
User71;14;6200
User71;15;7400
User71;14;7500
User71;15;7600
User71;11;26600
User71;10;30200
User71;11;30700
User71;10;30800
User71;11;31500
User71;10;31700
User71;14;37100
User71;15;37200
User71;11;37700
User71;15;38000
User71;11;38300
User71;15;38400
User71;10;38800
User71;14;39800
User71;10;40400
User71;14;42700
User71;10;42800
User71;14;42900
User71;10;43000
User71;14;43100
User71;10;44000
User71;14;44100
User71;15;44300
User71;14;44400
User71;15;44700
User71;14;44800
User71;15;44900
User71;11;45000
User71;14;45100
User71;15;45400
User71;14;45500
User71;10;46300
User71;14;50500
User71;10;50900
User71;14;51500
User71;10;51800
User71;11;53400
User71;10;54900
User71;6;57600
User72;1;1400
User72;4;2100
User72;5;2500
User72;4;3000
User72;5;5800
User72;4;8800
User72;5;8900
User72;0;9600
User72;1;9800
User72;0;10000
User72;1;10100
User72;0;10400
User72;5;10500
User72;4;10600
User72;5;10700
User72;4;11200
User72;5;11300
User72;4;13700
User72;5;13900
User72;4;14000
User72;8;16000
User72;4;16100
User72;8;16200
User72;5;16500
User72;9;17700
User72;10;17800
User72;6;17900
User72;10;18000
User72;9;20000
User72;10;20100
User72;9;20200
User72;10;20400
User72;6;23400
User72;10;23500
User72;6;27900
User72;10;28000
User72;6;28900
User72;10;29300
User72;6;29400
User72;10;29700
User72;6;30200
User72;10;30400
User72;6;30500
User72;10;31400
User72;9;32300
User72;5;34400
User72;9;38900
User72;5;42900
User72;9;43400
User72;10;43500
User72;6;44400
User72;10;44700
User72;6;45200
User72;7;45700
User72;6;46300
User72;10;50600
User72;6;52100
User72;10;53000
User72;6;56000
User72;10;56200
User72;6;56300
User72;10;56400
User72;11;57400
User72;10;57500
User73;15;0
User73;14;6100
User73;15;7500
User73;14;8300
User73;15;8600
User73;14;8800
User73;15;9000
User73;14;12800
User73;15;12900
User73;11;17600
User73;15;17900
User73;11;18000
User73;15;18100
User73;11;18600
User73;15;19700
User73;11;20100
User73;15;20400
User73;11;20500
User73;15;20600
User73;11;21500
User73;15;25500
User73;11;26000
User73;10;28600
User73;14;29600
User73;15;34300
User73;14;34400
User73;15;34600
User73;14;35300
User73;15;35400
User73;11;41700
User73;15;42700
User73;11;43500
User73;15;45000
User73;11;45300
User73;15;45400
User73;11;45500
User73;15;45800
User73;11;46000
User73;10;47600
User73;11;47700
User73;10;47800
User73;11;47900
User73;10;48900
User73;11;49500
User73;15;50100
User73;11;50200
User73;15;50300
User74;1;300
User74;0;400
User74;1;12300
User74;5;17000
User74;1;17300
User74;5;18800
User74;1;18900
User74;5;19000
User74;1;19100
User74;0;21200
User74;1;21400
User74;0;25700
User74;4;26000
User74;0;27000
User74;4;27600
User74;0;28800
User74;4;28900
User74;5;34400
User74;1;34900
User74;5;35300
User74;1;35600
User74;5;35700
User74;6;40400
User74;2;40900
User74;1;41000
User74;2;41700
User74;1;42100
User74;5;42200
User74;1;43000
User74;5;43100
User74;6;45600
User74;5;45700
User74;6;45800
User74;5;46000
User74;9;47300
User74;10;47500
User74;6;47700
User74;10;47800
User74;9;51900
User74;13;52100
User74;10;52500
User74;9;53100
User74;10;53300
User74;14;53400
User74;10;53500
User74;14;53600
User74;13;56300
User75;1;0
User75;2;6100
User75;1;6800
User75;2;7100
User75;1;7300
User75;2;7500
User75;1;8500
User75;2;9600
User75;1;9700
User75;2;9800
User75;1;10500
User75;5;11800
User75;1;12400
User75;5;12500
User75;6;13100
User75;5;13200
User75;6;13900
User75;5;15200
User75;6;15300
User75;5;15400
User75;6;15500
User75;7;23900
User75;6;24100
User75;7;24300
User75;6;24400
User75;2;28000
User75;6;28500
User75;2;28700
User75;6;29300
User75;2;30100
User75;6;30300
User75;2;30800
User75;6;31700
User75;2;31800
User75;6;32000
User75;2;32100
User75;6;35000
User75;2;35400
User75;6;35500
User75;2;35600
User75;6;35800
User75;2;36000
User75;6;36400
User75;7;36600
User75;3;36700
User75;2;36900
User75;6;37000
User75;7;37100
User75;3;37200
User75;2;37800
User75;3;37900
User75;7;38300
User75;3;38500
User75;7;38600
User75;6;39300
User75;2;42100
User75;6;42300
User75;5;43800
User75;6;44000
User75;5;44400
User75;6;44600
User75;5;47600
User75;9;50700
User75;5;50800
User75;9;50900
User75;5;51000
User75;9;51100
User75;5;52400
User75;9;52600
User75;5;52700
User75;4;53400
User75;8;53500
User75;4;53600
User75;5;54000
User75;4;56900
User75;5;57000
User76;7;0
User76;11;4900
User76;15;9600
User76;14;14200
User76;15;19100
User76;14;19700
User76;10;24600
User76;9;27900
User76;10;28000
User76;9;29700
User76;13;31600
User76;10;31700
User76;13;32000
User76;9;32200
User76;8;35100
User76;9;35200
User76;8;35300
User76;12;37000
User76;8;37100
User76;12;37500
User76;8;39800
User76;12;41000
User76;8;41500
User76;13;41700
User76;12;41800
User76;9;42000
User76;8;42100
User76;12;42300
User76;8;42400
User76;12;42700
User76;8;42900
User76;12;45300
User76;8;45700
User76;12;45800
User76;8;46000
User76;12;46100
User76;13;50200
User76;12;50300
User76;13;50500
User76;12;55700
User76;13;56000
User76;12;56200
User76;13;56400
User76;12;56500
User76;13;56800
User76;12;56900
User77;8;0
User77;9;1400
User77;8;1500
User77;9;1600
User77;8;1700
User77;12;3100
User77;8;3200
User77;12;3800
User77;8;4100
User77;12;4300
User77;8;4500
User77;12;7100
User77;8;7200
User77;12;8000
User77;8;12400
User77;9;16900
User77;8;20100
User77;9;21100
User77;8;21200
User77;9;21300
User77;8;22000
User77;12;22400
User77;13;22600
User77;12;22700
User77;9;24100
User77;8;24200
User77;12;25000
User77;13;25300
User77;12;25500
User77;13;25600
User77;14;27000
User77;13;27300
User77;14;27400
User77;13;27900
User77;9;28900
User77;13;29000
User77;9;29100
User77;13;29300
User77;12;30000
User77;13;30200
User77;12;30800
User77;13;32000
User77;12;32500
User77;13;32900
User77;12;33000
User77;13;34100
User77;12;36100
User77;13;36200
User77;12;36300
User77;13;44500
User77;12;45400
User77;13;46200
User77;12;46900
User77;8;56200
User77;12;56500
User78;8;0
User78;12;4900
User78;13;7500
User78;12;7600
User78;13;9100
User78;14;35700
User78;13;35800
User78;14;40800
User78;10;41200
User78;14;41500
User78;10;41700
User78;14;42000
User78;10;42900
User78;14;44700
User78;13;44900
User78;10;45000
User78;9;45100
User78;10;46700
User78;9;47000
User78;10;47300
User78;9;47600
User78;10;48000
User78;9;48200
User78;10;48300
User78;9;48400
User78;5;52200
User78;9;52300
User78;5;53700
User78;9;54200
User79;11;0
User79;10;3100
User79;11;6500
User79;10;6600
User79;11;7000
User79;10;7400
User79;15;8100
User79;14;8300
User79;15;8700
User79;14;8800
User79;15;9300
User79;14;9600
User79;15;9700
User79;14;9800
User79;15;9900
User79;14;10000
User79;15;10200
User79;14;10300
User79;15;16700
User79;14;16800
User79;15;16900
User79;14;17000
User79;13;23700
User79;14;24100
User79;13;24700
User79;14;24900
User79;13;25100
User79;14;35300
User79;13;35400
User79;14;35800
User79;10;38800
User79;14;39700
User79;10;40100
User79;14;40200
User79;10;40300
User79;6;42000
User79;5;43900
User79;6;44000
User79;5;44100
User79;6;44300
User79;5;44400
User79;6;45600
User79;5;45700
User79;1;45900
User79;5;46000
User79;1;46100
User79;5;46200
User79;6;46300
User79;2;46400
User79;1;46600
User79;2;46900
User79;6;47000
User79;2;47400
User79;1;49000
User79;0;53200
User79;1;53300
User79;0;53400
User79;1;53800
User8;13;0
User8;12;1600
User8;13;1700
User8;12;1800
User8;13;2200
User8;12;3900
User8;13;5100
User8;12;5200
User8;13;5300
User8;14;7200
User8;13;7400
User8;14;9900
User8;13;10300
User8;14;10400
User8;13;10500
User8;14;10700
User8;13;12100
User8;14;12300
User8;13;12400
User8;14;12500
User8;13;12700
User8;12;16500
User8;13;16900
User8;12;17300
User8;8;19300
User8;12;19500
User8;8;20200
User8;12;21800
User8;13;25300
User8;12;27600
User8;13;28300
User8;12;32200
User8;13;32300
User8;12;40600
User8;13;40700
User8;12;40800
User8;13;41800
User8;12;42000
User8;13;44100
User8;12;44300
User8;8;51800
User8;12;53000
User8;8;54000
User8;4;56700
User8;8;57000
User8;4;57500
User80;10;0
User80;14;1000
User80;10;1100
User80;14;1200
User80;10;1300
User80;14;1400
User80;10;2100
User80;14;2200
User80;10;2400
User80;14;2500
User80;10;4100
User80;14;4600
User80;10;4700
User80;14;4800
User80;10;8600
User80;14;8700
User80;10;9800
User80;14;10100
User80;10;10500
User80;14;10700
User80;10;11000
User80;6;24700
User80;10;25000
User80;6;25200
User80;10;25500
User80;6;25600
User80;5;30700
User80;6;30800
User80;2;30900
User80;6;31000
User80;2;31400
User80;1;31900
User80;6;32000
User80;5;32100
User80;1;32200
User80;5;32300
User80;9;35700
User80;8;36000
User80;9;37200
User80;13;39300
User80;9;44100
User80;13;44200
User80;9;46900
User80;13;47000
User80;12;48200
User80;8;49100
User80;12;50800
User80;8;51000
User80;12;51500
User80;8;51700
User80;9;53600
User80;8;54600
User80;9;55000
User80;8;55100
User80;9;55500
User81;15;0
User81;14;1200
User81;15;1300
User81;14;1600
User81;15;2700
User81;14;2900
User81;15;3000
User81;14;3100
User81;15;3200
User81;14;14300
User81;10;18800
User81;14;18900
User81;13;21200
User81;14;21700
User81;10;25400
User81;11;25500
User81;15;25700
User81;11;32400
User81;15;33200
User81;11;33600
User81;15;37500
User81;11;37700
User81;15;37800
User81;11;38100
User81;15;38200
User81;11;38600
User81;15;38700
User81;11;39000
User81;15;47800
User81;14;48300
User81;15;48500
User81;14;48600
User81;10;48700
User81;11;48800
User81;10;49900
User81;11;50000
User81;10;50100
User81;6;51900
User81;10;52000
User81;11;55000
User81;7;56500
User82;11;0
User82;10;300
User82;14;1300
User82;10;1900
User82;14;2100
User82;10;2400
User82;11;2700
User82;10;2800
User82;11;3200
User82;10;3800
User82;11;5300
User82;10;5800
User82;11;5900
User82;10;6000
User82;11;6100
User82;10;8600
User82;11;8800
User82;15;10200
User82;11;10800
User82;15;11000
User82;11;11200
User82;15;12600
User82;11;13100
User82;15;13500
User82;11;13600
User82;10;13900
User82;14;17300
User82;10;17400
User82;13;17500
User82;14;17600
User82;13;18200
User82;14;18300
User82;13;18800
User82;14;19600
User82;13;19700
User82;14;20100
User82;13;20200
User82;14;20400
User82;13;21400
User82;14;21600
User82;13;21900
User82;14;22600
User82;13;22700
User82;9;23100
User82;13;23300
User82;12;26800
User82;13;27000
User82;12;27800
User82;13;29100
User82;12;29200
User82;13;29800
User82;12;29900
User82;13;33600
User82;9;33900
User82;8;34200
User82;13;34300
User82;9;34700
User82;13;35600
User82;9;36100
User82;8;36900
User82;12;37000
User82;8;37100
User82;12;37200
User82;8;37500
User82;12;37600
User82;9;38200
User82;8;38500
User82;9;38600
User82;8;38700
User82;9;38900
User82;8;39000
User82;9;39700
User82;8;39800
User82;9;40200
User82;13;40600
User82;9;40700
User82;5;44200
User82;6;44800
User82;5;45000
User82;6;45500
User82;5;45800
User82;9;50300
User82;5;51000
User82;9;51100
User82;5;51200
User82;9;53500
User82;8;54500
User83;14;0
User83;13;300
User83;14;1000
User83;10;1900
User83;14;2000
User83;10;2100
User83;14;5400
User83;10;5500
User83;14;5800
User83;11;7300
User83;10;7400
User83;15;7500
User83;14;7600
User83;15;7900
User83;14;8500
User83;15;8600
User83;14;8900
User83;15;11800
User83;14;12600
User83;10;13500
User83;11;13600
User83;14;14200
User83;11;14500
User83;10;15400
User83;11;15600
User83;10;15700
User83;11;16000
User83;10;16300
User83;11;16700
User83;10;17200
User83;11;17300
User83;10;17400
User83;11;17800
User83;10;17900
User83;6;18000
User83;10;19400
User83;6;19500
User83;10;19900
User83;6;20100
User83;10;20200
User83;6;20700
User83;5;25600
User83;6;26000
User83;10;29100
User83;5;29300
User83;9;29800
User83;5;29900
User83;9;30000
User83;10;30300
User83;9;32100
User83;8;36400
User83;9;36500
User83;5;39900
User83;4;45200
User83;5;46200
User83;1;51800
User83;0;51900
User83;1;52000
User83;0;52200
User83;1;52800
User83;0;53100
User83;1;53200
User83;5;53700
User83;1;55000
User83;4;55200
User83;0;55300
User83;1;55400
User84;8;0
User84;12;100
User84;8;800
User84;4;5700
User84;8;5800
User84;4;6200
User84;5;8000
User84;4;8100
User84;8;8600
User84;9;8800
User84;5;11000
User84;9;13900
User84;13;17200
User84;10;17400
User84;9;17900
User84;10;18000
User84;6;21300
User84;10;24600
User84;6;25500
User84;10;25600
User84;6;26300
User84;10;28400
User84;6;29100
User84;7;36500
User84;6;36600
User84;2;38600
User84;1;44400
User84;2;44600
User84;1;44700
User84;2;45000
User84;1;45200
User84;2;45300
User84;1;45700
User84;2;45800
User84;6;46700
User84;2;47000
User84;6;47400
User84;5;49800
User84;6;50100
User84;9;50900
User84;6;51000
User84;5;51100
User84;10;51200
User84;9;51300
User84;5;51900
User84;9;54100
User84;8;55500
User84;9;55900
User84;8;56000
User84;9;56600
User84;8;56700
User84;9;57300
User85;14;0
User85;13;5300
User85;14;5500
User85;10;21500
User85;14;21600
User85;10;22800
User85;14;22900
User85;10;23000
User85;14;23400
User85;10;23600
User85;14;26400
User85;10;26500
User85;15;26600
User85;14;26700
User85;15;26800
User85;14;27000
User85;15;27100
User85;11;27200
User85;15;34800
User85;11;37500
User85;15;38000
User85;11;42500
User85;15;43700
User85;11;44000
User85;15;44100
User85;14;54700
User86;14;0
User86;15;3600
User86;14;4000
User86;13;14100
User86;14;14400
User86;9;20900
User86;10;21100
User86;14;21200
User86;13;21300
User86;9;21600
User86;13;23600
User86;14;24400
User86;13;24600
User86;14;24700
User86;13;25000
User86;9;25200
User86;10;28500
User86;9;29200
User86;13;29500
User86;14;29900
User86;10;30100
User86;14;30300
User86;10;30600
User86;9;30800
User86;13;32000
User86;9;32100
User86;13;32300
User86;9;32400
User86;13;32700
User86;14;33200
User86;13;33300
User86;14;36900
User86;13;37000
User86;14;37100
User86;13;37200
User86;14;37400
User86;10;42300
User86;14;42400
User86;10;43100
User86;14;44600
User86;15;46200
User86;11;46300
User86;14;46400
User86;15;46600
User86;11;46900
User86;15;53800
User87;6;0
User87;10;2900
User87;6;3600
User87;5;5600
User87;9;5800
User87;5;5900
User87;9;6700
User87;8;8300
User87;9;8700
User87;8;11100
User87;12;11600
User87;13;11800
User87;12;11900
User87;13;12000
User87;12;12500
User87;13;12900
User87;12;13000
User87;13;13200
User87;12;13400
User87;13;13600
User87;12;15000
User87;13;15200
User87;12;15300
User87;13;15800
User87;12;15900
User87;13;16000
User87;12;17000
User87;13;17400
User87;12;17900
User87;13;18000
User87;12;20100
User87;13;20600
User87;9;21200
User87;8;21800
User87;9;21900
User87;8;22000
User87;9;22900
User87;8;23100
User87;4;24000
User87;8;24700
User87;9;25700
User87;8;25800
User87;9;25900
User87;5;28200
User87;9;28400
User87;5;28500
User87;9;28600
User87;5;29000
User87;9;30000
User87;5;30100
User87;9;30200
User87;5;31000
User87;9;31200
User87;5;31500
User87;9;31700
User87;5;33400
User87;9;34500
User87;5;36400
User87;4;37600
User87;5;37700
User87;9;39300
User87;5;39400
User87;4;41700
User87;5;41800
User87;4;41900
User87;5;42000
User87;1;42800
User87;5;43000
User87;9;45700
User87;5;47100
User87;9;47300
User87;8;48000
User87;9;48700
User87;8;48800
User87;9;49200
User87;8;49700
User87;4;50400
User87;8;50500
User87;4;50800
User87;8;50900
User87;4;51500
User87;8;51600
User87;4;51700
User87;8;53200
User87;4;53500
User87;8;54100
User87;4;56100
User87;8;56700
User87;4;57200
User88;9;0
User88;10;700
User88;14;1100
User88;13;1300
User88;9;1500
User88;13;1900
User88;9;2100
User88;13;2300
User88;9;3600
User88;13;4900
User88;9;5000
User88;13;5300
User88;12;5700
User88;13;7600
User88;12;7700
User88;13;7800
User88;9;7900
User88;13;8000
User88;9;8200
User88;13;9000
User88;9;9100
User88;13;9400
User88;12;9700
User88;8;10000
User88;12;10500
User88;8;11600
User88;12;11700
User88;9;11800
User88;8;11900
User88;9;12000
User88;13;12500
User88;9;13500
User88;12;13800
User88;13;13900
User88;8;14200
User88;13;14300
User88;8;14400
User88;12;14800
User88;8;15100
User88;9;17600
User88;8;18500
User88;9;18600
User88;5;20700
User88;9;20800
User88;8;22200
User88;4;22400
User88;8;22600
User88;4;22700
User88;8;23000
User88;5;23400
User88;9;23500
User88;5;23600
User88;9;23900
User88;4;24000
User88;8;24100
User88;9;25500
User88;8;25600
User88;12;26400
User88;13;26700
User88;12;26800
User88;9;26900
User88;8;27200
User88;9;27700
User88;8;27800
User88;9;28600
User88;8;29000
User88;9;29200
User88;5;35900
User88;9;36100
User88;5;36400
User88;6;37500
User88;5;38000
User88;9;41000
User88;13;45000
User88;9;45900
User88;8;49000
User88;9;50400
User88;8;50700
User88;9;50900
User88;8;51000
User88;9;51100
User88;8;51600
User88;9;51800
User88;8;52300
User88;12;56300
User88;8;56800
User88;9;57600
User89;13;0
User89;12;1000
User89;13;1400
User89;12;1500
User89;13;1600
User89;12;11500
User89;13;11600
User89;12;18400
User89;13;18700
User89;12;18800
User89;13;19000
User89;12;19300
User89;13;22100
User89;12;22600
User89;8;23000
User89;12;23400
User89;8;23800
User89;12;24100
User89;8;24200
User89;12;24300
User89;8;24400
User89;12;24600
User89;8;24700
User89;9;26600
User89;8;26900
User89;9;27100
User89;8;27400
User89;9;27600
User89;13;29500
User89;9;29800
User89;13;31100
User89;9;31300
User89;13;31700
User89;12;38800
User89;13;39700
User89;14;43400
User89;13;43900
User89;9;45700
User89;13;45900
User89;12;47700
User89;13;48100
User89;12;48400
User89;13;48500
User89;12;48600
User89;13;49200
User89;12;49400
User89;13;49500
User89;14;51400
User89;13;51600
User89;14;51700
User89;13;53400
User89;14;53900
User9;2;0
User9;6;200
User9;2;500
User9;1;1300
User9;2;2000
User9;1;4700
User9;2;5800
User9;3;12800
User9;7;15000
User9;3;15400
User9;7;15500
User9;3;16000
User9;7;17900
User9;3;18100
User9;7;18200
User9;3;18300
User9;7;18400
User9;3;18900
User9;7;19100
User9;3;19200
User9;7;19300
User9;3;19400
User9;7;19600
User9;3;19700
User9;7;20000
User9;3;21700
User9;2;24100
User9;1;33900
User9;2;34000
User9;3;40800
User9;7;57000
User9;3;57500
User90;11;0
User90;10;100
User90;6;300
User90;7;900
User90;11;2100
User90;10;2800
User90;11;2900
User90;10;3300
User90;9;6700
User90;13;12200
User90;9;12600
User90;13;12700
User90;9;12900
User90;13;13100
User90;12;16900
User90;13;17000
User90;12;17200
User90;13;18800
User90;9;20300
User90;5;22900
User90;9;26900
User90;5;27000
User90;4;27300
User90;5;27400
User90;9;29400
User90;5;29600
User90;9;29700
User90;5;29800
User90;4;33900
User90;5;34600
User90;1;35400
User90;5;37300
User90;1;37400
User90;0;37500
User90;4;38000
User90;0;38100
User90;4;38400
User90;0;38500
User90;4;39000
User90;5;40900
User90;4;41100
User90;1;43600
User90;5;45200
User90;1;46300
User90;5;46400
User90;6;49200
User90;5;49400
User90;4;52500
User90;5;52700
User90;4;53200
User90;5;53800
User90;4;54000
User90;5;54200
User90;9;54600
User90;5;54800
User90;9;55000
User90;5;55100
User90;9;55200
User90;5;55400
User90;9;57300
User90;5;57400
User90;9;57600
User91;1;100
User91;0;300
User91;1;14700
User91;2;20400
User91;1;21000
User91;2;21200
User91;1;21300
User91;2;21500
User91;1;25100
User91;2;25300
User91;1;26000
User91;5;27400
User91;1;27600
User91;2;28100
User91;1;28800
User91;2;29400
User91;1;29600
User91;2;36700
User91;1;39500
User91;2;40600
User91;1;40900
User91;2;42800
User91;6;43600
User91;2;44800
User91;1;48000
User91;2;49300
User91;3;54300
User91;7;57400
User91;3;57500
User92;15;0
User92;14;8700
User92;13;13100
User92;14;13300
User92;13;13500
User92;14;13600
User92;13;13700
User92;9;15900
User92;8;17800
User92;12;20800
User92;8;27100
User92;12;27200
User92;8;27400
User92;12;27600
User92;8;28200
User92;12;29900
User92;8;30200
User92;12;30900
User92;8;31200
User92;12;31600
User92;8;31700
User92;12;32000
User92;13;36500
User92;12;36800
User92;9;37100
User92;13;37400
User92;9;37800
User92;13;38000
User92;9;38400
User92;13;38500
User92;9;38600
User92;13;38700
User92;9;38900
User92;13;39200
User92;9;39600
User92;8;39900
User92;9;41700
User92;8;41800
User92;9;41900
User92;8;42400
User92;4;43800
User92;8;44000
User92;4;48000
User92;8;48200
User92;4;48400
User92;0;52500
User92;4;52700
User92;0;53900
User92;4;54100
User92;0;54200
User92;4;54400
User93;13;0
User93;14;2400
User93;13;2500
User93;14;2700
User93;13;2800
User93;9;3900
User93;13;4200
User93;9;4600
User93;13;4700
User93;9;4800
User93;5;9900
User93;9;12000
User93;5;12100
User93;9;12200
User93;5;12400
User93;9;12600
User93;5;12700
User93;9;12800
User93;5;13300
User93;8;13400
User93;9;13800
User93;8;14300
User93;9;14400
User93;8;14600
User93;9;15100
User93;8;15300
User93;9;15800
User93;8;17500
User93;9;17900
User93;5;18000
User93;9;18600
User93;8;19100
User93;9;19400
User93;5;19500
User93;8;19600
User93;9;19700
User93;5;19900
User93;9;20100
User93;5;20900
User93;9;21200
User93;5;21300
User93;9;21500
User93;6;22300
User93;5;22400
User93;6;22600
User93;5;26900
User93;6;27300
User93;5;27800
User93;6;27900
User93;10;28700
User93;6;28800
User93;10;29100
User93;6;29300
User93;5;30700
User93;6;31500
User93;7;33100
User93;11;34800
User93;7;35100
User93;11;36100
User93;7;36300
User93;11;36400
User93;7;38300
User93;11;38800
User93;7;39100
User93;11;39300
User93;7;39400
User93;11;39500
User93;7;40400
User93;6;43200
User93;7;43400
User93;6;43500
User93;7;43600
User93;11;44100
User93;7;44300
User93;11;44500
User93;7;45100
User93;11;45200
User93;7;45600
User93;6;46100
User93;11;46300
User93;10;46700
User93;11;47400
User93;7;47500
User93;11;47600
User93;7;47700
User93;6;47800
User93;7;47900
User93;10;49100
User93;11;49200
User93;7;49600
User93;10;49800
User93;11;50000
User93;7;50200
User93;11;51100
User93;10;52100
User93;11;52200
User93;10;53500
User93;11;54300
User93;10;54800
User93;11;55600
User93;10;56300
User93;11;56400
User94;10;0
User94;14;400
User94;10;600
User94;14;700
User94;10;900
User94;14;1800
User94;10;1900
User94;14;2000
User94;10;2300
User94;14;3400
User94;10;3500
User94;11;4400
User94;10;4600
User94;11;4700
User94;7;9500
User94;11;9800
User94;10;10600
User94;6;13400
User94;5;16500
User94;6;19100
User94;5;20300
User94;6;20500
User94;2;21500
User94;6;22200
User94;2;22400
User94;6;22500
User94;2;22600
User94;6;23400
User94;5;23900
User94;1;24000
User94;5;24100
User94;1;24200
User94;2;27400
User94;1;27600
User94;2;30400
User94;1;31000
User94;2;31700
User94;6;33500
User94;2;36400
User94;3;37300
User94;2;39600
User94;3;40200
User94;7;40900
User94;6;42000
User94;7;42100
User94;11;44200
User94;7;44500
User94;6;45700
User94;7;48100
User94;6;48200
User94;7;49400
User94;6;51900
User94;7;52300
User94;6;52400
User94;2;57100
User94;6;57200
User94;2;57300
User94;6;57400
User95;7;0
User95;3;300
User95;7;400
User95;3;1200
User95;7;4700
User95;3;4800
User95;7;8800
User95;11;13600
User95;7;13700
User95;6;15300
User95;2;16700
User95;3;18100
User95;2;18200
User95;3;18300
User95;7;35400
User95;3;36200
User95;7;36300
User95;3;36400
User95;7;36600
User95;3;37800
User95;7;38500
User95;3;38600
User95;7;40000
User95;3;40100
User95;7;40200
User95;3;40400
User95;2;40800
User95;7;40900
User95;6;41100
User95;7;41300
User95;6;41500
User95;7;41600
User95;6;41800
User95;7;41900
User95;6;42000
User95;7;42100
User95;11;42800
User95;7;43400
User95;11;43700
User95;7;43900
User95;11;44000
User95;7;44500
User95;11;44700
User95;7;44900
User95;11;45000
User95;7;45100
User95;11;45300
User95;7;45500
User95;11;46000
User95;10;46500
User95;6;46900
User95;10;47000
User95;9;48000
User95;5;48100
User95;6;48700
User95;5;51000
User95;6;51100
User95;5;51300
User95;6;51500
User95;5;51600
User95;6;51700
User95;2;55800
User95;6;56500
User95;2;56600
User95;1;57000
User95;5;57400
User95;1;57600
User96;12;0
User96;8;200
User96;12;400
User96;8;700
User96;12;1000
User96;8;11500
User96;9;17400
User96;8;17600
User96;9;17700
User96;8;17900
User96;9;18100
User96;8;28600
User96;9;28800
User96;8;29300
User96;9;30000
User96;8;30100
User96;9;30900
User96;8;31100
User96;9;31200
User96;8;31300
User96;9;32200
User96;10;36000
User96;9;36100
User96;10;36200
User96;9;36500
User96;10;38100
User96;9;38300
User96;10;38400
User96;14;40000
User96;10;41700
User96;14;44800
User96;10;46800
User96;9;46900
User96;8;50000
User96;9;50100
User96;8;50500
User96;9;50600
User96;8;51200
User96;4;51900
User96;8;52200
User96;4;52400
User96;8;54500
User96;4;54600
User96;8;54700
User96;4;54800
User96;8;55700
User97;7;0
User97;6;200
User97;7;2200
User97;6;2500
User97;7;3000
User97;6;3100
User97;7;4200
User97;11;4300
User97;7;4500
User97;11;4600
User97;7;4700
User97;11;5200
User97;7;5300
User97;6;14100
User97;7;14200
User97;6;14300
User97;7;14500
User97;6;14600
User97;11;14700
User97;7;15000
User97;11;16400
User97;7;16500
User97;11;16800
User97;7;17100
User97;6;17800
User97;7;17900
User97;6;18300
User97;7;18400
User97;6;19300
User97;7;19800
User97;6;20600
User97;10;21700
User97;6;21800
User97;10;22300
User97;6;22900
User97;10;23400
User97;14;25200
User97;10;25300
User97;14;25400
User97;10;25500
User97;11;26200
User97;10;26300
User97;14;26400
User97;10;26500
User97;14;27300
User97;15;28200
User97;11;28300
User97;10;28400
User97;14;28500
User97;15;28600
User97;10;28900
User97;11;29100
User97;10;29200
User97;14;29700
User97;15;30300
User97;14;30500
User97;10;30600
User97;14;37300
User97;15;37400
User97;11;45800
User97;15;46800
User97;11;47900
User97;15;48200
User97;11;48300
User97;15;48700
User97;11;48800
User97;15;48900
User97;11;49000
User97;15;49600
User97;14;54500
User97;10;54700
User97;14;54900
User97;10;55000
User97;14;55100
User97;10;55200
User97;14;55400
User98;15;0
User98;11;100
User98;15;300
User98;11;400
User98;15;800
User98;11;1100
User98;15;1400
User98;11;1500
User98;15;1900
User98;11;2000
User98;15;3500
User98;11;3800
User98;15;4200
User98;11;4300
User98;7;12500
User98;11;18200
User98;7;19400
User98;11;21200
User98;7;21300
User98;11;22100
User98;7;22700
User98;11;22800
User98;7;24100
User98;11;25100
User98;7;25200
User98;11;25300
User98;7;26400
User98;11;26600
User98;7;26700
User98;11;26800
User98;7;26900
User98;11;27100
User98;7;28000
User98;6;30400
User98;7;30600
User98;6;30700
User98;7;30900
User98;6;31100
User98;7;31200
User98;6;31300
User98;2;33300
User98;6;33400
User98;2;33500
User98;6;35800
User98;2;35900
User98;6;38200
User98;2;39300
User98;6;39700
User98;2;39900
User98;6;40000
User98;5;40200
User98;1;42000
User98;5;42100
User98;1;42200
User98;5;42600
User98;1;43000
User98;5;43200
User98;6;45800
User98;5;46600
User98;4;50400
User98;5;50900
User98;9;51800
User98;5;51900
User99;5;0
User99;6;4200
User99;5;5100
User99;6;5200
User99;5;5300
User99;6;5400
User99;5;5500
User99;6;5900
User99;5;6200
User99;6;6500
User99;5;6600
User99;9;7100
User99;5;7200
User99;9;7300
User99;6;7400
User99;5;7500
User99;9;8300
User99;5;8400
User99;9;9400
User99;5;9500
User99;9;9600
User99;5;10100
User99;9;10200
User99;10;10700
User99;6;11000
User99;10;12500
User99;6;13200
User99;10;14400
User99;9;15000
User99;10;15100
User99;9;15200
User99;10;16700
User99;9;17300
User99;10;17400
User99;9;17500
User99;10;17600
User99;9;18100
User99;10;18200
User99;9;18600
User99;5;19400
User99;4;19900
User99;8;25600
User99;4;25700
User99;8;26000
User99;9;28500
User99;8;29400
User99;9;29900
User99;5;31200
User99;9;31600
User99;5;32400
User99;9;32600
User99;8;44300
User99;9;44400
User99;5;44600
User99;9;44800
User99;5;44900
User99;9;45000
User99;5;45400
User99;4;45700
User99;5;45800
User99;4;46700
User99;5;46800
User99;4;47400
User99;5;47700
User99;8;47800
User99;4;47900
User99;8;51200
User99;4;52400
User99;1;57600
